"gbif.species","class","excluded","exclusion.reason","redlist.eu","endemic.europe.final","vuln.clim.change","perc.target.met.in.PAs.and.N2K","zoo.global","zoo.eu","genus.zoo.global","pop.zoo.eu","breeding.expertise","ed.value","ed.value.adjust","cost.captive","cost.wild","overlap.sum","cost.wild.adjust","Ki","Ai","Ii","Gi","ev.wild","ev.zoo","ev.both","ev.nothing","benefit.wild","benefit.zoo","benefit.both","cost.benefit.wild","cost.benefit.zoo","cost.benefit.both","net.strategy","cost.net.strategy","rank1.ben","rank2.ben.ed","rank3.costben","rank4.costben.ed"
"Pelophylax cerigensis","Amphibia",0,NA,"CR","Yes","H",32.49,0,0,1,0,2,7.588826375,0.0397320752617801,6743000,141967.900135659,1,141967.900135659,0.3,0.3249,0.999,0.1,0.609591234997,0.010693,0.61349532264703,0.0007,0.608891234997,0.009993,0.61279532264703,42.8893598070527,0.0148198131395521,0.89004819127037,"B","W",4,10,38,46
"Pelophylax cretensis","Amphibia",0,NA,"EN","Yes","H",23.76,0,0,1,0,2,9.027728816,0.047265595895288,6743000,371561.566320317,2,185780.783160158,0.3,0.2376,0.667,0.1,0.781537197376,0.240769,0.78372182540224,0.2331,0.548437197376,0.00766900000000001,0.55062182540224,29.5206634425264,0.0113732759899155,0.794687900561787,"B","W",6,8,46,50
"Speleomantes supramontis","Amphibia",0,NA,"EN","Yes","H",52.74,0,0,1,0,2,16.15963459,0.0846054167015707,6743000,154156.575858142,3.53,43670.4180901253,0.3,0.5274,0.667,0.1,0.545662167076,0.240769,0.55020554540524,0.2331,0.312562167076,0.00766900000000001,0.31710554540524,71.5729733640165,0.0113732759899155,0.467247598409941,"B","W",13,7,32,30
"Speleomantes flavus","Amphibia",0,NA,"VU","Yes","H",13.73,0,0,1,0,2,16.24232882,0.0850383707853403,6743000,102175.598312632,3.05,33500.1961680761,0.3,0.1373,0.1,0.1,0.9456455387,0.6337,0.946189083313,0.63,0.3156455387,0.00370000000000015,0.316189083313,94.2219971239432,0.00548717188195187,0.466596434973611,"B","W",14,6,27,28
"Euproctus platycephalus","Amphibia",0,NA,"EN","Yes","H",62.47,1,1,0,224,4,19.4208788,0.101679993717277,0,327028.507443855,4.63,70632.5070073121,0.3,0.6247,0.667,1,0.5266037287081,0.30979,0.5266037287081,0.30979,0.2168137287081,0,0.2168137287081,30.696026220003,0,30.696026220003,"W","W",21,14,45,38
"Speleomantes imperialis","Amphibia",0,NA,"NT","Yes","H",36.06,0,0,1,0,2,16.60155685,0.0869191458115183,6743000,367286.55120029,3.02,121618.063311354,0.3,0.3606,0.01,0.1,0.88860409708,0.69607,0.8897180561092,0.693,0.19560409708,0.00307000000000002,0.1967180561092,16.0834740953928,0.00455286964259234,0.286568100795847,"B","W",25,21,49,49
"Alytes muletensis","Amphibia",0,NA,"VU","Yes","H",42.71,1,1,0,841,4,36.866158,0.193016534031414,0,30805.185379332,1.96,15716.9313159857,0.3,0.4271,0.1,1,0.85116918907,0.667,0.85116918907,0.667,0.18416918907,0,0.18416918907,117.178847045467,0,117.178847045467,"W","W",27,5,26,14
"Atylodes genei","Amphibia",0,NA,"VU","Yes","H",57.19,0,0,0,0,1,19.81422617,0.103739404031414,6743000,175753.22733694,2.69,65335.7722442157,0.3,0.5719,0.1,0.05,0.7810520883,0.63185,0.7821468278585,0.63,0.1510520883,0.00184999999999991,0.1521468278585,23.1193545452236,0.00274358594097569,0.223471392933883,"B","W",29,22,47,42
"Discoglossus pictus","Amphibia",0,NA,"LC",NA,"H",60.64,1,1,0,26,4,33.89646798,0.177468418743455,3393500,745406.039438033,5.82,128076.6390787,0.3,0.6064,0.0001,0.408,0.822761601446451,0.712172856,0.825454751650345,0.70773182,0.115029781446451,0.00444103600000001,0.117722931650345,8.98132417230033,0.0130868896419626,0.3342904151055,"B","W",35,15,51,47
"Rana pyrenaica","Amphibia",0,NA,"EN","Yes","L",90.39,0,0,1,0,2,13.01118012,0.0681213618848168,6743000,47960.8543889658,9.58,5006.35223266867,0,0.9039,0.667,0.1,0.3970987,0.33967,0.403127713,0.333,0.0640987,0.00667000000000001,0.070127713,128.034738710008,0.00989173958178854,0.103923602527133,"B","W",42,44,25,27
"Salamandra lanzai","Amphibia",0,NA,"VU","Yes","L",40.37,0,0,1,0,2,13.96540401,0.0731172984816754,6743000,89489.446305766,3.16,28319.4450334703,0,0.4037,0.1,0.1,0.95963,0.901,0.9600337,0.9,0.05963,0.001,0.0600337,21.056203583624,0.0014830194275545,0.0886587916687827,"B","W",45,45,48,48
"Pelophylax epeiroticus","Amphibia",0,NA,"VU","Yes","L",43.74,0,0,1,0,2,8.781316295,0.0459754779842932,6743000,631237.331329735,8.45,74702.6427609154,0,0.4374,0.1,0.1,0.95626,0.901,0.9566974,0.9,0.05626,0.001,0.0566974,7.53119272902556,0.0014830194275545,0.0831620312161923,"B","W",47,53,52,60
"Speleomantes sarrabusensis","Amphibia",0,NA,"VU","Yes","H",87.78,0,0,1,0,2,16.85238464,0.0882323803141361,6743000,1292.031065208,3.77,342.7138104,0.3,0.8778,0.1,0.1,0.6719959852,0.6337,0.675276025348,0.63,0.0419959852,0.00370000000000015,0.045276025348,1225.3951817986,0.00548717188195187,0.0671418127025852,"B","W",48,47,6,5
"Lyciasalamandra helverseni","Amphibia",0,NA,"VU","Yes","L",58.29,0,0,0,0,1,17.88438066,0.0936355008376963,6743000,35574.79881137,1.21,29400.660174686,0,0.5829,0.1,0.05,0.94171,0.9005,0.94200145,0.9,0.04171,0.000499999999999945,0.04200145,14.1867562674366,0.000741509713777169,0.062018554582854,"B","W",49,48,50,51
"Speleomantes ambrosii","Amphibia",0,NA,"NT","Yes","L",23.1,0,0,1,0,2,15.70193041,0.0822090597382199,6743000,312687.318199516,9.07,34474.8972656578,0,0.231,0.01,0.1,0.99769,0.9901,0.9977131,0.99,0.00768999999999997,0.000099999999999989,0.00771310000000003,2.23060853256273,0.000148301942755434,0.0113804921698963,"B","W",64,83,61,69
"Discoglossus montalentii","Amphibia",0,NA,"NT","Yes","L",24.39,0,0,1,0,2,36.87394462,0.193057301675393,6743000,476597.828657023,7.28,65466.734705635,0,0.2439,0.01,0.1,0.997561,0.9901,0.99758539,0.99,0.00756100000000004,0.000099999999999989,0.00758539000000003,1.15493769988642,0.000148301942755434,0.0111411134041885,"B","W",65,58,81,65
"Bombina pachypus","Amphibia",0,NA,"EN","Yes","L",288.06,0,0,1,0,2,38.52097031,0.201680472827225,6743000,0,9.95,0,0,1,0.667,0.1,0.333,0.33967,0.33967,0.333,0,0.00667000000000001,0.00667000000000001,0,0.00989173958178854,0.00989173958178854,"Z","Z",70,60,196,189
"Triturus dobrogicus","Amphibia",0,NA,"NT","Yes","H",351.58,1,1,0,10,4,12.74480011,0.0667267021465969,3393500,0,9.02,0,0.3,1,0.01,0.28,0.69607,0.701596,0.701596,0.69607,0,0.00552600000000003,0.00552600000000003,0,0.016284072491528,0.016284072491528,"Z","Z",83,110,193,193
"Calotriton arnoldi","Amphibia",0,NA,"CR","Yes","L",99.42,1,1,0,128,4,15.12260587,0.0791759469633508,0,223.894203156,1,223.894203156,0,0.9942,0.999,1,0.10611478,0.1009,0.10611478,0.1009,0.00521478000000007,0,0.00521478000000007,232.912684941943,0,232.912684941943,"W","W",89,106,21,18
"Speleomantes strinatii","Amphibia",0,NA,"NT","Yes","L",49.45,0,0,1,0,2,16.40678335,0.0858993892670157,6743000,784838.940501235,6.51,120558.97703552,0,0.4945,0.01,0.1,0.995055,0.9901,0.99510445,0.99,0.00505500000000003,0.000099999999999989,0.00510445000000004,0.419296855721552,0.000148301942755434,0.00743703087141641,"B","W",91,100,148,143
"Rana latastei","Amphibia",0,NA,"VU","Yes","H",105.26,0,0,1,0,2,15.0602322,0.0788493832460733,6743000,0,8.92,0,0.3,1,0.1,0.1,0.63,0.6337,0.6337,0.63,0,0.00370000000000015,0.00370000000000015,0,0.00548717188195187,0.00548717188195187,"Z","Z",108,124,201,203
"Calotriton asper","Amphibia",0,NA,"NT","Yes","H",200.99,0,0,1,0,2,15.14611956,0.0792990552879581,6743000,0,9.5,0,0.3,1,0.01,0.1,0.693,0.69607,0.69607,0.693,0,0.00307000000000002,0.00307000000000002,0,0.00455286964259234,0.00455286964259234,"Z","Z",110,137,202,206
"Chioglossa lusitanica","Amphibia",0,NA,"VU","Yes","L",108.38,1,1,0,5,4,31.74674568,0.166213328167539,5068210.4,0,12.83,0,0,1,0.1,0.24,0.9005,0.9024,0.9024,0.9005,0,0.00190000000000012,0.00190000000000012,0,0.00374885778222649,0.00374885778222649,"Z","Z",120,117,205,198
"Proteus anguinus","Amphibia",0,NA,"VU","Yes","H",148.2,0,0,0,0,1,77.587847,0.406219094240838,6743000,0,4.6,0,0.3,1,0.1,0.05,0.63,0.63185,0.63185,0.63,0,0.00184999999999991,0.00184999999999991,0,0.00274358594097569,0.00274358594097569,"Z","Z",122,74,207,192
"Speleomantes italicus","Amphibia",0,NA,"NT","Yes","L",86.24,1,1,0,1,4,15.69831951,0.0821901545026178,5068210.4,279424.293961311,8.06,34668.0265460683,0,0.8624,0.01,0.208,0.991384624,0.990208,0.9915553792,0.99001,0.0013746240000001,0.000198000000000031,0.00154537920000009,0.396510599809725,0.000390670442568903,0.00302844604715792,"B","W",128,170,149,151
"Pelobates cultripes","Amphibia",0,NA,"NT","Yes","L",312.27,1,1,0,1,4,40.22319554,0.210592646806283,5068210.4,0,7.21,0,0,1,0.01,0.208,0.99001,0.990208,0.990208,0.99001,0,0.000198000000000031,0.000198000000000031,0,0.000390670442568903,0.000390670442568903,"Z","Z",140,205,213,219
"Triturus pygmaeus","Amphibia",0,NA,"NT","Yes","L",347.47,1,1,0,6,4,12.99311509,0.0680267805759162,3393500,0,9.4,0,0,1,0.01,0.248,0.99006,0.990248,0.990248,0.99006,0,0.000188000000000077,0.000188000000000077,0,0.000554000294681235,0.000554000294681235,"Z","Z",142,219,211,223
"Alytes cisternasii","Amphibia",0,NA,"NT","Yes","L",342.5,1,1,0,28,4,51.02155971,0.26712858486911,5068210.4,0,10.02,0,0,1,0.01,0.424,0.99028,0.990424,0.990424,0.99028,0,0.000144000000000033,0.000144000000000033,0,0.000284123958231949,0.000284123958231949,"Z","Z",145,207,215,220
"Discoglossus jeanneae","Amphibia",0,NA,"NT","Yes","L",419.2,0,0,1,0,2,33.03232309,0.172944099947644,6743000,0,9.12,0,0,1,0.01,0.1,0.99,0.9901,0.9901,0.99,0,0.000099999999999989,0.000099999999999989,0,0.000148301942755434,0.000148301942755434,"Z","Z",147,214,216,225
"Rana iberica","Amphibia",0,NA,"NT","Yes","L",315.9,0,0,1,0,2,12.72175176,0.0666060301570681,6743000,0,11.51,0,0,1,0.01,0.1,0.99,0.9901,0.9901,0.99,0,0.000099999999999989,0.000099999999999989,0,0.000148301942755434,0.000148301942755434,"Z","Z",147,225,216,227
"Alytes dickhilleni","Amphibia",0,NA,"VU","Yes","L",108.32,1,1,0,651,4,36.76543038,0.192489164293194,1696789.6,0,5.67,0,0,1,0.1,1,0.91,0.91,0.91,0.91,0,0,0,0,0,0,"N","N",149,229,217,228
"Emberiza aureola","Aves",0,NA,"CR",NA,"L",30.17,0,0,1,0,2,4.674376045,0.0642084621565934,59897.0223419992,1707638.38024963,77.27,22099.6296136874,0,0.3017,0.999,0.1,0.6986017,0.01099,0.701615683,0.001,0.6976017,0.00999,0.700615683,315.662168187625,1.66786254297572,85.4444256307725,"B","W",3,3,13,15
"Pyrrhula murina","Aves",0,NA,"VU","Yes","H",20.01,0,0,1,0,2,4.399576,0.0604337362637363,60152.5281056097,126510.870996146,11.11,11387.1171013633,0.3,0.2001,0.1,0.1,0.9211612003,0.6337,0.921949588297,0.63,0.2911612003,0.00370000000000015,0.291949588297,255.693515494928,0.615102991765211,40.8094822741088,"B","W",15,20,18,21
"Pterodroma madeira","Aves",0,NA,"EN","Yes","H",61.83,0,0,0,0,1,5.718784,0.0785547252747253,61304.5871563798,60300.26340481,20.53,2937.17795444764,0.3,0.6183,0.667,0.05,0.478601107489,0.2369345,0.481208101951555,0.2331,0.245501107489,0.00383449999999999,0.248108101951555,835.840086288434,0.625483373734937,38.620997029507,"B","W",18,19,10,8
"Stercorarius parasiticus","Aves",0,NA,"EN",NA,"L",70.83,0,0,1,0,2,7.341662,0.100847005494506,61797.5345842033,562411.800831683,69.7,8069.03587993807,0,0.7083,0.667,0.1,0.5275639,0.33967,0.532288261,0.333,0.1945639,0.00667000000000001,0.199288261,241.124098213197,1.07933108414085,28.5241224345316,"B","W",24,18,19,13
"Columba trocaz","Aves",0,NA,"LC","Yes","H",61.83,0,0,1,0,2,6.014539,0.082617293956044,61610.485502295,60300.26340481,20.53,2937.17795444764,0.3,0.6183,0.0001,0.1,0.8144596388467,0.7029307,0.816315042458233,0.69993,0.1145296388467,0.00300069999999997,0.116385042458233,389.930881352534,0.487043719187733,18.0308683886334,"B","W",36,37,11,11
"Columba junoniae","Aves",0,NA,"NT","Yes","H",65.41,0,0,1,0,2,7.203648515,0.0989512158653846,61610.485502295,89887.3546916227,21.84,4115.72136866404,0.3,0.6541,0.01,0.1,0.79851254043,0.69607,0.8005274150257,0.693,0.10551254043,0.00307000000000002,0.1075274150257,256.364634480223,0.498291804547727,16.3598996724107,"B","W",37,36,17,12
"Fringilla teydea","Aves",0,NA,"NT","Yes","H",69.73,1,1,0,2,4,8.113669425,0.111451503090659,58955.3435033856,32381.480326572,32.84,986.03776877503,0.3,0.6973,0.01,0.216,0.78572509050626,0.6996312,0.789933295141608,0.693614,0.09211109050626,0.00601720000000006,0.0963192951416081,934.153776083963,1.02063691642379,16.0689148460352,"B","W",38,35,9,6
"Morus bassanus","Aves",0,NA,"LC","Yes","H",73.53,1,1,0,31,4,13.334484,0.183165989010989,43461.253856084,432382.203960085,42.39,10200.0991733919,0.3,0.7353,0.0001,0.448,0.786192756593236,0.713373136,0.789237689471475,0.70923217,0.0769605865932361,0.00414096600000002,0.080005519471475,75.4508218841601,0.95279487649212,14.9093369724629,"B","W",39,25,31,22
"Columba bollii","Aves",0,NA,"LC","Yes","H",76.58,0,0,1,0,2,5.495535,0.0754881181318681,61610.485502295,127762.338017039,26.67,4790.48886453088,0.3,0.7658,0.0001,0.1,0.7702010134892,0.7029307,0.772499003354308,0.69993,0.0702710134892001,0.00300069999999997,0.072569003354308,146.68860627042,0.487043719187733,10.9289063972778,"B","W",41,41,24,25
"Sitta whiteheadi","Aves",0,NA,"VU","Yes","L",43.45,0,0,1,0,2,4.785121,0.0657296840659341,59593.8566880032,342218.789941976,21.66,15799.5747895649,0,0.4345,0.1,0.1,0.95655,0.901,0.9569845,0.9,0.05655,0.001,0.0569845000000001,35.79210247946,0.16780253126348,7.55828443979961,"B","W",46,49,42,43
"Xenus cinereus","Aves",0,NA,"CR",NA,"H",102.42,1,0,0,0,3,19.05216173,0.261705518269231,60736.2444459134,0,81.47,0,0.3,1,0.999,0.2,0.0007,0.020686,0.020686,0.0007,0,0.019986,0.019986,0,3.29062163496096,3.29062163496096,"Z","Z",51,42,55,52
"Fulica cristata","Aves",0,NA,"CR",NA,"L",286.81,1,1,0,5,4,18.82005081,0.258517181456044,59071.2386971712,0,97.21,0,0,1,0.999,0.24,0.005995,0.024976,0.024976,0.005995,0,0.018981,0.018981,0,3.21323886524644,3.21323886524644,"Z","Z",52,43,56,53
"Aquila clanga","Aves",0,NA,"CR",NA,"H",477.11,1,1,0,7,4,5.159784,0.0708761538461539,58398.3654223933,0,89.09,0,0.3,1,0.999,0.256,0.0076951,0.02628208,0.02628208,0.0076951,0,0.01858698,0.01858698,0,3.18279113902607,3.18279113902607,"Z","Z",53,61,57,64
"Circus macrourus","Aves",0,NA,"EN",NA,"L",166.01,1,0,0,0,3,5.669283351,0.077874771304945,61712.989126103,0,80.37,0,0,1,0.667,0.2,0.333,0.34634,0.34634,0.333,0,0.01334,0.01334,0,2.16161948868517,2.16161948868517,"Z","Z",55,66,64,72
"Arenaria interpres","Aves",0,NA,"EN",NA,"L",127.2,1,1,0,1,4,14.65426821,0.201294892994506,60457.9275508703,0,63.31,0,0,1,0.667,0.208,0.333667,0.3468736,0.3468736,0.333667,0,0.0132066,0.0132066,0,2.18442816930629,2.18442816930629,"Z","Z",56,52,62,58
"Pterocles orientalis","Aves",0,NA,"EN",NA,"L",233.29,1,1,0,6,4,19.530138,0.268271126373626,58035.0595402356,0,72.44,0,0,1,0.667,0.248,0.337002,0.3495416,0.3495416,0.337002,0,0.0125396,0.0125396,0,2.16069391490954,2.16069391490954,"Z","Z",59,51,65,54
"Falco rusticolus","Aves",0,NA,"EN",NA,"H",542.72,1,1,0,22,4,3.609385,0.0495794642857143,48777.9761485909,0,52.43,0,0.3,1,0.667,0.376,0.2499718,0.26193544,0.26193544,0.2499718,0,0.01196364,0.01196364,0,2.4526724855405,2.4526724855405,"Z","Z",60,85,60,83
"Limosa limosa","Aves",0,NA,"EN",NA,"L",212.22,1,1,0,11,4,14.84916884,0.203972099450549,54766.0739729546,0,71.11,0,0,1,0.667,0.288,0.340337,0.3522096,0.3522096,0.340337,0,0.0118726,0.0118726,0,2.16787495226755,2.16787495226755,"Z","Z",61,54,63,57
"Puffinus mauretanicus","Aves",0,NA,"CR","Yes","H",577.08,0,0,1,0,2,6.976273,0.0958279258241758,61865.1736141154,0,39.46,0,0.3,1,0.999,0.1,0.0007,0.010693,0.010693,0.0007,0,0.009993,0.009993,0,1.61528682717864,1.61528682717864,"Z","Z",62,68,69,74
"Rissa tridactyla","Aves",0,NA,"EN",NA,"L",516.46,1,1,0,34,4,4.252945557,0.0584195818269231,40758.7653020122,0,39.34,0,0,1,0.667,0.472,0.355678,0.3644824,0.3644824,0.355678,0,0.00880440000000005,0.00880440000000005,0,2.16012431553352,2.16012431553352,"Z","Z",63,92,66,82
"Circus cyaneus","Aves",0,NA,"VU",NA,"H",218.7,1,0,0,0,3,4.999712616,0.0686773710989011,61732.535649268,0,54.37,0,0.3,1,0.1,0.2,0.63,0.6374,0.6374,0.63,0,0.00739999999999996,0.00739999999999996,0,1.19871959286476,1.19871959286476,"Z","Z",66,94,73,102
"Circus pygargus","Aves",0,NA,"VU",NA,"H",205.41,1,1,0,2,4,5.492253828,0.0754430470879121,60352.9831560038,0,57.25,0,0.3,1,0.1,0.216,0.63074,0.637992,0.637992,0.63074,0,0.00725200000000015,0.00725200000000015,0,1.20159760475381,1.20159760475381,"Z","Z",67,90,72,99
"Buteo lagopus","Aves",0,NA,"VU",NA,"H",194.47,1,1,0,3,4,2.957172,0.0406204945054945,60403.0662502642,0,67.03,0,0.3,1,0.1,0.224,0.63111,0.638288,0.638288,0.63111,0,0.00717799999999991,0.00717799999999991,0,1.18835026855421,1.18835026855421,"Z","Z",68,125,76,132
"Ichthyaetus audouinii","Aves",0,NA,"VU","Yes","H",208.92,1,1,0,5,4,1.982008278,0.0272253884340659,58815.2321084612,0,35.35,0,0.3,1,0.1,0.24,0.63185,0.63888,0.63888,0.63185,0,0.00703000000000009,0.00703000000000009,0,1.19526859760343,1.19526859760343,"Z","Z",69,151,75,152
"Anthus cervinus","Aves",0,NA,"EN",NA,"L",561.86,0,0,1,0,2,6.155767,0.084557239010989,59935.5003196851,0,59.48,0,0,1,0.667,0.1,0.333,0.33967,0.33967,0.333,0,0.00667000000000001,0.00667000000000001,0,1.11286298844982,1.11286298844982,"Z","Z",70,88,82,97
"Aquila adalberti","Aves",0,NA,"VU","Yes","H",402.06,1,1,0,10,4,4.583809,0.0629644093406593,56688.6864751362,0,73.85,0,0.3,1,0.1,0.28,0.6337,0.64036,0.64036,0.6337,0,0.00665999999999989,0.00665999999999989,0,1.1748375935507,1.1748375935507,"Z","Z",71,104,79,103
"Anser fabalis","Aves",0,NA,"VU",NA,"H",194.8,1,1,0,17,4,2.212216959,0.0303875955906593,52238.0236825339,0,68.09,0,0.3,1,0.1,0.336,0.63629,0.642432,0.642432,0.63629,0,0.00614199999999998,0.00614199999999998,0,1.17577189315713,1.17577189315713,"Z","Z",74,153,78,145
"Larus argentatus","Aves",0,NA,"VU","Yes","H",195.77,1,1,0,17,4,1.204762,0.0165489285714286,51754.83612022,0,56.13,0,0.3,1,0.1,0.336,0.63629,0.642432,0.642432,0.63629,0,0.00614199999999998,0.00614199999999998,0,1.18674899979064,1.18674899979064,"Z","Z",74,179,77,163
"Apus apus","Aves",0,NA,"NT",NA,"H",214.98,1,1,0,1,4,6.724703,0.092372293956044,59685.6248958348,0,53.89,0,0.3,1,0.01,0.208,0.693307,0.6993856,0.6993856,0.693307,0,0.00607860000000016,0.00607860000000016,0,1.01843618301873,1.01843618301873,"Z","Z",75,89,83,98
"Larus marinus","Aves",0,NA,"NT",NA,"H",265.74,1,1,0,1,4,1.208094,0.0165946978021978,61989.0558223638,0,61.7,0,0.3,1,0.01,0.208,0.693307,0.6993856,0.6993856,0.693307,0,0.00607860000000016,0.00607860000000016,0,0.980592448031315,0.980592448031315,"Z","Z",75,181,96,167
"Scolopax rusticola","Aves",0,NA,"LC",NA,"H",250.25,1,0,0,0,3,10.290889,0.141358365384615,61570.5278606271,0,67.03,0,0.3,1,0.0001,0.2,0.69993,0.7059314,0.7059314,0.69993,0,0.00600140000000005,0.00600140000000005,0,0.974719595320832,0.974719595320832,"Z","Z",76,69,107,77
"Accipiter brevipes","Aves",0,NA,"LC",NA,"H",397.61,1,0,0,0,3,8.135965547,0.111757768502747,61265.0348470501,0,79.1400000000001,0,0.3,1,0.0001,0.2,0.69993,0.7059314,0.7059314,0.69993,0,0.00600140000000005,0.00600140000000005,0,0.979579953717926,0.979579953717926,"Z","Z",76,80,98,87
"Cepphus grylle","Aves",0,NA,"LC",NA,"H",216.73,1,0,0,0,3,7.855727463,0.107908344271978,61696.0827163388,0,42.14,0,0.3,1,0.0001,0.2,0.69993,0.7059314,0.7059314,0.69993,0,0.00600140000000005,0.00600140000000005,0,0.972735988375922,0.972735988375922,"Z","Z",76,82,111,91
"Passer domesticus","Aves",0,NA,"LC",NA,"H",226.11,1,0,0,0,3,4.033652,0.0554073076923077,60079.4630827403,0,56.36,0,0.3,1,0.0001,0.2,0.69993,0.7059314,0.7059314,0.69993,0,0.00600140000000005,0.00600140000000005,0,0.998910391681602,0.998910391681602,"Z","Z",76,114,87,124
"Plectrophenax nivalis","Aves",0,NA,"LC",NA,"H",543.05,1,1,0,1,4,7.161965333,0.098378644684066,59754.5515271037,0,54.57,0,0.3,1,0.0001,0.208,0.70023007,0.706171456,0.706171456,0.70023007,0,0.00594138600000005,0.00594138600000005,0,0.994298484075331,0.994298484075331,"Z","Z",77,86,88,95
"Caprimulgus europaeus","Aves",0,NA,"LC",NA,"H",238.91,1,1,0,1,4,5.244451,0.0720391620879121,60031.4197752699,0,73.93,0,0.3,1,0.0001,0.208,0.70023007,0.706171456,0.706171456,0.70023007,0,0.00594138600000005,0.00594138600000005,0,0.989712724143769,0.989712724143769,"Z","Z",77,102,90,109
"Dryocopus martius","Aves",0,NA,"LC",NA,"H",265.71,1,1,0,1,4,4.346426556,0.0597036614835165,60979.3677356217,0,67.2500000000001,0,0.3,1,0.0001,0.208,0.70023007,0.706171456,0.706171456,0.70023007,0,0.00594138600000005,0.00594138600000005,0,0.97432725536925,0.97432725536925,"Z","Z",77,112,108,118
"Podiceps cristatus","Aves",0,NA,"LC",NA,"H",270.21,1,1,0,2,4,14.53172319,0.19961158228022,60868.5887763262,0,80.12,0,0.3,1,0.0001,0.216,0.70053014,0.706411512,0.706411512,0.70053014,0,0.00588137200000005,0.00588137200000005,0,0.966240899984116,0.966240899984116,"Z","Z",78,63,118,67
"Turdus viscivorus","Aves",0,NA,"LC",NA,"H",271.44,1,1,0,2,4,8.925975421,0.122609552486264,59759.7987844172,0,64.42,0,0.3,1,0.0001,0.216,0.70053014,0.706411512,0.706411512,0.70053014,0,0.00588137200000005,0.00588137200000005,0,0.984168641734728,0.984168641734728,"Z","Z",78,78,93,84
"Cuculus canorus","Aves",0,NA,"LC",NA,"H",238.95,1,1,0,2,4,5.225239,0.071775260989011,59728.4846444271,0,66.7,0,0.3,1,0.0001,0.216,0.70053014,0.706411512,0.706411512,0.70053014,0,0.00588137200000005,0.00588137200000005,0,0.984684616563231,0.984684616563231,"Z","Z",78,103,92,111
"Chroicocephalus genei","Aves",0,NA,"LC",NA,"H",436.14,1,1,0,2,4,2.672775104,0.0367139437362637,60283.1324325332,0,76.81,0,0.3,1,0.0001,0.216,0.70053014,0.706411512,0.706411512,0.70053014,0,0.00588137200000005,0.00588137200000005,0,0.975624816209124,0.975624816209124,"Z","Z",78,143,104,144
"Pluvialis apricaria","Aves",0,NA,"LC","Yes","H",308,1,1,0,4,4,13.07659126,0.179623506318681,58892.2358844916,0,55.41,0,0.3,1,0.0001,0.232,0.70113028,0.706891624,0.706891624,0.70113028,0,0.00576134399999995,0.00576134399999995,0,0.978285832329404,0.978285832329404,"Z","Z",79,67,100,71
"Pica pica","Aves",0,NA,"LC",NA,"H",259.73,1,1,0,6,4,5.400869333,0.0741877655631868,57676.6554063334,0,59.66,0,0.3,1,0.0001,0.248,0.70173042,0.707371736,0.707371736,0.70173042,0,0.00564131599999995,0.00564131599999995,0,0.978093469577379,0.978093469577379,"Z","Z",80,105,101,105
"Circus aeruginosus","Aves",0,NA,"LC","Yes","H",314.36,1,1,0,6,4,4.759914,0.0653834340659341,58362.2833529328,0,78.35,0,0.3,1,0.0001,0.248,0.70173042,0.707371736,0.707371736,0.70173042,0,0.00564131599999995,0.00564131599999995,0,0.966603031256567,0.966603031256567,"Z","Z",80,109,116,114
"Podiceps nigricollis","Aves",0,NA,"LC",NA,"H",426.37,1,1,0,7,4,15.40451617,0.211600496840659,57429.9245709882,0,77.18,0,0.3,1,0.0001,0.256,0.70203049,0.707611792,0.707611792,0.70203049,0,0.00558130200000007,0.00558130200000007,0,0.971845608660187,0.971845608660187,"Z","Z",82,62,112,66
"Fulica atra","Aves",0,NA,"LC",NA,"H",300.55,1,1,0,7,4,6.341703,0.087111304945055,57759.6500275144,0,77.93,0,0.3,1,0.0001,0.256,0.70203049,0.707611792,0.707611792,0.70203049,0,0.00558130200000007,0.00558130200000007,0,0.966297752382737,0.966297752382737,"Z","Z",82,95,117,100
"Corvus corone","Aves",0,NA,"LC",NA,"H",245.71,1,1,0,7,4,3.611751,0.0496119642857143,57613.514591912,0,57.63,0,0.3,1,0.0001,0.256,0.70203049,0.707611792,0.707611792,0.70203049,0,0.00558130200000007,0.00558130200000007,0,0.968748745764521,0.968748745764521,"Z","Z",82,129,115,133
"Acanthis flammea","Aves",0,NA,"LC",NA,"H",223.56,1,1,0,7,4,3.324037,0.0456598489010989,55439.248778786,0,61.55,0,0.3,1,0.0001,0.256,0.70203049,0.707611792,0.707611792,0.70203049,0,0.00558130200000007,0.00558130200000007,0,1.00674199649974,1.00674199649974,"Z","Z",82,134,84,138
"Sitta europaea","Aves",0,NA,"LC",NA,"H",302.3,1,1,0,8,4,9.634657,0.13234418956044,55127.9851789925,0,69.77,0,0.3,1,0.0001,0.264,0.70233056,0.707851848,0.707851848,0.70233056,0,0.00552128799999996,0.00552128799999996,0,1.0015399587112,1.0015399587112,"Z","Z",84,76,86,79
"Streptopelia decaocto","Aves",0,NA,"LC",NA,"H",190.73,1,1,0,9,4,4.991769125,0.0685682572115385,55623.1944885884,0,53.41,0,0.3,1,0.0001,0.272,0.70263063,0.708091904,0.708091904,0.70263063,0,0.00546127400000007,0.00546127400000007,0,0.981833936402286,0.981833936402286,"Z","Z",85,108,94,112
"Otis tarda","Aves",0,NA,"LC",NA,"H",228.34,1,1,0,10,4,18.66068406,0.256328077747253,57239.9147097314,0,75.5200000000001,0,0.3,1,0.0001,0.28,0.7029307,0.70833196,0.70833196,0.7029307,0,0.00540126000000007,0.00540126000000007,0,0.943617758235723,0.943617758235723,"Z","Z",86,59,126,63
"Erithacus rubecula","Aves",0,NA,"LC","Yes","H",266.95,1,1,0,10,4,10.37316962,0.142488593681319,53852.3815621725,0,67.82,0,0.3,1,0.0001,0.28,0.7029307,0.70833196,0.70833196,0.7029307,0,0.00540126000000007,0.00540126000000007,0,1.00297514117631,1.00297514117631,"Z","Z",86,73,85,76
"Falco subbuteo","Aves",0,NA,"LC",NA,"H",252.26,1,1,0,11,4,4.072536,0.0559414285714286,54586.4082644803,0,66.97,0,0.3,1,0.0001,0.288,0.70323077,0.708572016,0.708572016,0.70323077,0,0.00534124600000008,0.00534124600000008,0,0.978493762425409,0.978493762425409,"Z","Z",87,120,99,126
"Asio flammeus","Aves",0,NA,"LC",NA,"H",268.58,1,1,0,12,4,7.878686816,0.10822372,54210.5954882185,0,66.33,0,0.3,1,0.0001,0.296,0.70353084,0.708812072,0.708812072,0.70353084,0,0.00528123199999997,0.00528123199999997,0,0.974206601576205,0.974206601576205,"Z","Z",88,87,109,90
"Nucifraga caryocatactes","Aves",0,NA,"LC",NA,"H",246.34,1,1,0,12,4,7.062835274,0.0970169680494505,53900.1352806997,0,65.65,0,0.3,1,0.0001,0.296,0.70353084,0.708812072,0.708812072,0.70353084,0,0.00528123199999997,0.00528123199999997,0,0.979817948971094,0.979817948971094,"Z","Z",88,93,97,96
"Alectoris chukar","Aves",0,NA,"LC",NA,"H",353.02,1,1,0,14,4,4.47133,0.0614193681318681,53210.9629244357,0,60.21,0,0.3,1,0.0001,0.312,0.70413098,0.709292184,0.709292184,0.70413098,0,0.00516120399999997,0.00516120399999997,0,0.969951249957522,0.969951249957522,"Z","Z",90,116,114,116
"Coloeus monedula","Aves",0,NA,"LC",NA,"H",192.3,1,1,0,16,4,4.193947,0.0576091620879121,51602.567342728,0,53.82,0,0.3,1,0.0001,0.328,0.70473112,0.709772296,0.709772296,0.70473112,0,0.00504117599999998,0.00504117599999998,0,0.976923486484321,0.976923486484321,"Z","Z",92,126,102,122
"Corvus frugilegus","Aves",0,NA,"LC",NA,"H",200.99,1,1,0,18,4,4.085263,0.05611625,50682.9981278363,0,55.77,0,0.3,1,0.0001,0.344,0.70533126,0.710252408,0.710252408,0.70533126,0,0.00492114799999999,0.00492114799999999,0,0.970966237551203,0.970966237551203,"Z","Z",94,131,113,127
"Anser brachyrhynchus","Aves",0,NA,"LC","Yes","H",201.33,1,1,0,19,4,2.03211871,0.027913718543956,50955.6032896705,0,51.17,0,0.3,1,0.0001,0.352,0.70563133,0.710492464,0.710492464,0.70563133,0,0.00486113399999999,0.00486113399999999,0,0.953994003832238,0.953994003832238,"Z","Z",95,168,123,156
"Buteo rufinus","Aves",0,NA,"LC",NA,"H",327.49,1,1,0,20,4,4.187480704,0.0575203393406594,49919.6106457303,0,81.37,0,0.3,1,0.0001,0.36,0.7059314,0.71073252,0.71073252,0.7059314,0,0.00480111999999999,0.00480111999999999,0,0.961770321902669,0.961770321902669,"Z","Z",96,130,121,125
"Numenius arquata","Aves",0,NA,"NT",NA,"H",227.16,1,1,0,22,4,7.820327,0.107422074175824,48488.4085527827,0,55.46,0,0.3,1,0.01,0.376,0.699754,0.7045432,0.7045432,0.699754,0,0.00478919999999983,0.00478919999999983,0,0.987699976745263,0.987699976745263,"Z","Z",97,91,91,89
"Saxicola dacotiae","Aves",0,NA,"NT","Yes","L",52.76,0,0,0,0,1,5.066115,0.0695894917582418,59613.7264582734,139140.966104794,17.21,8084.8905348515,0,0.5276,0.01,0.05,0.994724,0.99005,0.99475038,0.99,0.00472400000000006,0.0000499999999999945,0.00475038000000005,5.84299809581383,0.00838733006147367,0.701695279902465,"B","W",98,115,54,59
"Vanellus vanellus","Aves",0,NA,"VU",NA,"H",209.26,1,1,0,36,4,10.04028031,0.137915938324176,39269.6617558422,0,54.04,0,0.3,1,0.1,0.488,0.64332,0.648056,0.648056,0.64332,0,0.00473599999999996,0.00473599999999996,0,1.20602006440643,1.20602006440643,"Z","Z",99,81,71,73
"Columba oenas","Aves",0,NA,"LC","Yes","H",242.53,1,1,0,23,4,6.237971707,0.0856864245467033,47381.8842237922,0,61.07,0,0.3,1,0.0001,0.384,0.70683161,0.711452688,0.711452688,0.70683161,0,0.004621078,0.004621078,0,0.975283713533618,0.975283713533618,"Z","Z",100,107,105,101
"Garrulus glandarius","Aves",0,NA,"LC",NA,"H",262.42,1,1,0,25,4,7.708805729,0.105890188585165,45875.2394610299,0,68.41,0,0.3,1,0.0001,0.4,0.70743175,0.7119328,0.7119328,0.70743175,0,0.00450105000000001,0.00450105000000001,0,0.981150191885877,0.981150191885877,"Z","Z",102,97,95,93
"Charadrius hiaticula","Aves",0,NA,"LC",NA,"H",346.41,1,1,0,26,4,13.29862738,0.182673453021978,44851.7696694314,0,60.58,0,0.3,1,0.0001,0.408,0.70773182,0.712172856,0.712172856,0.70773182,0,0.00444103600000001,0.00444103600000001,0,0.990158478189721,0.990158478189721,"Z","Z",103,71,89,70
"Pernis apivorus","Aves",0,NA,"LC","Yes","H",259.56,1,1,0,26,4,11.6523903,0.160060306318681,45973.87216991,0,71.23,0,0.3,1,0.0001,0.408,0.70773182,0.712172856,0.712172856,0.70773182,0,0.00444103600000001,0.00444103600000001,0,0.965991288179262,0.965991288179262,"Z","Z",103,79,119,75
"Tetrao urogallus","Aves",0,NA,"LC",NA,"H",184.59,1,1,0,28,4,4.347757,0.0597219368131868,45343.3276329218,0,66.85,0,0.3,1,0.0001,0.424,0.70833196,0.712652968,0.712652968,0.70833196,0,0.00432100800000002,0.00432100800000002,0,0.95295343892289,0.95295343892289,"Z","Z",104,133,124,120
"Cygnus cygnus","Aves",0,NA,"LC",NA,"H",183.38,1,1,0,36,4,4.319507795,0.059333898282967,40772.8211574711,0,72.8599999999999,0,0.3,1,0.0001,0.488,0.71073252,0.714573416,0.714573416,0.71073252,0,0.00384089599999993,0.00384089599999993,0,0.942023605667554,0.942023605667554,"Z","Z",105,139,127,123
"Aquila heliaca","Aves",0,NA,"NT",NA,"H",418.41,1,1,0,39,4,4.593048,0.0630913186813187,38448.9351935004,0,71.61,0,0.3,1,0.01,0.512,0.704973,0.7087184,0.7087184,0.704973,0,0.00374540000000001,0.00374540000000001,0,0.9741232055324,0.9741232055324,"Z","Z",107,138,110,115
"Podiceps auritus","Aves",0,NA,"VU",NA,"H",156.9,0,0,1,0,2,15.88934442,0.218260225549451,61807.852468818,0,72.18,0,0.3,1,0.1,0.1,0.63,0.6337,0.6337,0.63,0,0.00370000000000015,0.00370000000000015,0,0.598629438203955,0.598629438203955,"Z","Z",108,72,134,80
"Puffinus yelkouan","Aves",0,NA,"VU","Yes","H",622.03,0,0,1,0,2,6.99879,0.0961372252747253,61806.0744302953,0,38.87,0,0.3,1,0.1,0.1,0.63,0.6337,0.6337,0.63,0,0.00370000000000015,0.00370000000000015,0,0.598646659588937,0.598646659588937,"Z","Z",108,111,133,119
"Phylloscopus borealis","Aves",0,NA,"VU",NA,"H",178.04,0,0,1,0,2,6.213258,0.0853469505494505,59546.5956137112,0,71.19,0,0.3,1,0.1,0.1,0.63,0.6337,0.6337,0.63,0,0.00370000000000015,0.00370000000000015,0,0.621362138652337,0.621362138652337,"Z","Z",108,118,131,129
"Passer italiae","Aves",0,NA,"VU","Yes","H",173.15,0,0,1,0,2,4.033652,0.0554073076923077,NA,0,53.3,0,0.3,1,0.1,0.1,0.63,0.6337,0.6337,0.63,0,0.00370000000000015,0.00370000000000015,0,0,0,"Z","N",108,148,217,228
"Pelagodroma marina","Aves",0,NA,"EN",NA,"L",518.26,0,0,0,0,1,25.31246,0.347698626373626,60425.7559260493,0,16.59,0,0,1,0.667,0.05,0.333,0.336335,0.336335,0.333,0,0.00333499999999998,0.00333499999999998,0,0.551916968003088,0.551916968003088,"Z","Z",109,64,135,68
"Fulmarus glacialis","Aves",0,NA,"EN",NA,"L",161.52,0,0,0,0,1,9.869482965,0.135569820947802,61995.0874419531,0,34.03,0,0,1,0.667,0.05,0.333,0.336335,0.336335,0.333,0,0.00333499999999998,0.00333499999999998,0,0.537945849842148,0.537945849842148,"Z","Z",109,98,136,104
"Calidris maritima","Aves",0,NA,"NT",NA,"H",562.2,0,0,1,0,2,8.14082,0.111824450549451,60620.8213547542,0,52.42,0,0.3,1,0.01,0.1,0.693,0.69607,0.69607,0.693,0,0.00307000000000002,0.00307000000000002,0,0.506426658595455,0.506426658595455,"Z","Z",110,113,137,121
"Gavia stellata","Aves",0,NA,"LC",NA,"H",274.38,0,0,1,0,2,49.484481,0.679731881868132,62546.4781012545,0,58.01,0,0.3,1,0.0001,0.1,0.69993,0.7029307,0.7029307,0.69993,0,0.00300069999999997,0.00300069999999997,0,0.479755230205325,0.479755230205325,"Z","Z",111,55,147,61
"Charadrius morinellus","Aves",0,NA,"LC",NA,"H",527.04,0,0,1,0,2,19.74832185,0.27126815728022,60930.8125196824,0,56.67,0,0.3,1,0.0001,0.1,0.69993,0.7029307,0.7029307,0.69993,0,0.00300069999999997,0.00300069999999997,0,0.492476610094549,0.492476610094549,"Z","Z",111,70,142,78
"Certhia familiaris","Aves",0,NA,"LC",NA,"H",250.79,0,0,1,0,2,7.108739,0.0976475137362637,59432.6502884811,0,68.85,0,0.3,1,0.0001,0.1,0.69993,0.7029307,0.7029307,0.69993,0,0.00300069999999997,0.00300069999999997,0,0.504890827757945,0.504890827757945,"Z","Z",111,123,138,130
"Stercorarius longicaudus","Aves",0,NA,"LC",NA,"H",566.3,0,0,1,0,2,7.341662,0.100847005494506,61529.6054614515,0,55.01,0,0.3,1,0.0001,0.1,0.69993,0.7029307,0.7029307,0.69993,0,0.00300069999999997,0.00300069999999997,0,0.487683933205116,0.487683933205116,"Z","Z",111,119,145,131
"Apus unicolor","Aves",0,NA,"LC","Yes","H",591.94,0,0,1,0,2,6.931854,0.0952177747252747,59979.7287416943,0,20.26,0,0.3,1,0.0001,0.1,0.69993,0.7029307,0.7029307,0.69993,0,0.00300069999999997,0.00300069999999997,0,0.50028569034092,0.50028569034092,"Z","Z",111,127,140,134
"Apus pallidus","Aves",0,NA,"LC",NA,"H",239.65,0,0,1,0,2,6.856644,0.0941846703296703,60353.8268221891,0,62.47,0,0.3,1,0.0001,0.1,0.69993,0.7029307,0.7029307,0.69993,0,0.00300069999999997,0.00300069999999997,0,0.497184711889182,0.497184711889182,"Z","Z",111,128,141,136
"Lagopus lagopus","Aves",0,NA,"LC",NA,"H",226.06,0,0,1,0,2,5.281631929,0.0725498891346154,61950.7398326572,0,62.7,0,0.3,1,0.0001,0.1,0.69993,0.7029307,0.7029307,0.69993,0,0.00300069999999997,0.00300069999999997,0,0.484368711028396,0.484368711028396,"Z","Z",111,142,146,146
"Emberiza pusilla","Aves",0,NA,"LC",NA,"H",492.4,0,0,1,0,2,4.772681993,0.0655588185851648,59720.8803005143,0,64.31,0,0.3,1,0.0001,0.1,0.69993,0.7029307,0.7029307,0.69993,0,0.00300069999999997,0.00300069999999997,0,0.502454080532722,0.502454080532722,"Z","Z",111,150,139,150
"Larus minutus","Aves",0,NA,"LC",NA,"H",258.65,0,0,1,0,2,4.100808174,0.0563297826098901,60981.9759318173,0,65.65,0,0.3,1,0.0001,0.1,0.69993,0.7029307,0.7029307,0.69993,0,0.00300069999999997,0.00300069999999997,0,0.49206342597934,0.49206342597934,"Z","Z",111,157,143,155
"Ichthyaetus melanocephalus","Aves",0,NA,"LC","Yes","H",550.51,0,0,1,0,2,1.939586969,0.0266426781456044,61456.1106565764,0,73.46,0,0.3,1,0.0001,0.1,0.69993,0.7029307,0.7029307,0.69993,0,0.00300069999999997,0.00300069999999997,0,0.488267149993955,0.488267149993955,"Z","Z",111,189,144,172
"Gypaetus barbatus","Aves",0,NA,"VU",NA,"H",545.12,1,1,0,61,4,18.35021232,0.252063356043956,24723.0596366525,0,62.88,0,0.3,1,0.1,0.688,0.65257,0.655456,0.655456,0.65257,0,0.00288600000000006,0.00288600000000006,0,1.16733124557184,1.16733124557184,"Z","Z",112,77,80,62
"Falco biarmicus","Aves",0,NA,"EN",NA,"L",248.24,1,1,0,85,4,3.851017,0.0528985851648352,9299.71711996685,0,71.44,0,0,1,0.667,0.88,0.389695,0.391696,0.391696,0.389695,0,0.00200100000000003,0.00200100000000003,0,2.15167835127351,2.15167835127351,"Z","Z",115,178,67,86
"Podiceps grisegena","Aves",0,NA,"VU",NA,"L",292.25,1,0,0,0,3,16.17118313,0.222131636401099,62313.3971616902,0,79.29,0,0,1,0.1,0.2,0.9,0.902,0.902,0.9,0,0.00200000000000011,0.00200000000000011,0,0.320958267579367,0.320958267579367,"Z","Z",116,99,159,110
"Luscinia luscinia","Aves",0,NA,"VU",NA,"L",168.85,1,0,0,0,3,7.38792314,0.101482460714286,60013.4289820259,0,77.32,0,0,1,0.1,0.2,0.9,0.902,0.902,0.9,0,0.00200000000000011,0.00200000000000011,0,0.333258744571838,0.333258744571838,"Z","Z",116,149,152,148
"Melanitta fusca","Aves",0,NA,"VU","Yes","L",338.7,1,0,0,0,3,3.994733961,0.0548727192445055,62667.1898076219,0,69.93,0,0,1,0.1,0.2,0.9,0.902,0.902,0.9,0,0.00200000000000011,0.00200000000000011,0,0.319146271939078,0.319146271939078,"Z","Z",116,177,160,165
"Asio otus","Aves",0,NA,"LC",NA,"H",261.95,1,1,0,67,4,7.725604132,0.106120935879121,20312.0297479451,0,70.32,0,0.3,1,0.0001,0.736,0.72003469,0.722015152,0.722015152,0.72003469,0,0.00198046200000002,0.00198046200000002,0,0.975019249467362,0.975019249467362,"Z","Z",117,144,106,94
"Tetrastes bonasia","Aves",0,NA,"VU",NA,"L",200.11,1,1,0,1,4,6.414688866,0.0881138580494505,61156.4742284995,0,68.9,0,0,1,0.1,0.208,0.9001,0.90208,0.90208,0.9001,0,0.00198000000000009,0.00198000000000009,0,0.323759671396719,0.323759671396719,"Z","Z",118,155,158,154
"Lanius excubitor","Aves",0,NA,"VU",NA,"L",266.53,1,1,0,2,4,3.327285,0.0457044642857143,59392.6993567738,0,71.92,0,0,1,0.1,0.216,0.9002,0.90216,0.90216,0.9002,0,0.00196000000000007,0.00196000000000007,0,0.330006889942195,0.330006889942195,"Z","Z",119,184,153,170
"Mergus merganser","Aves",0,NA,"LC",NA,"H",229.48,1,1,0,69,4,2.914466,0.0400338736263736,19387.3752479191,0,71.44,0,0.3,1,0.0001,0.752,0.72063483,0.722495264,0.722495264,0.72063483,0,0.00186043400000002,0.00186043400000002,0,0.959611074840937,0.959611074840937,"Z","Z",121,192,122,142
"Anas strepera","Aves",0,NA,"LC",NA,"H",313.47,1,1,0,69,4,2.499413,0.0343325961538462,19296.0341619412,0,76.5600000000001,0,0.3,1,0.0001,0.752,0.72063483,0.722495264,0.722495264,0.72063483,0,0.00186043400000002,0.00186043400000002,0,0.964153558387389,0.964153558387389,"Z","Z",121,194,120,149
"Falco columbarius","Aves",0,NA,"VU",NA,"L",187.45,1,1,0,13,4,8.698913427,0.119490569052198,53309.0415756745,0,66,0,0,1,0.1,0.304,0.9013,0.90304,0.90304,0.9013,0,0.00174000000000007,0.00174000000000007,0,0.32639866494881,0.32639866494881,"Z","Z",123,146,156,141
"Pyrrhocorax pyrrhocorax","Aves",0,NA,"LC",NA,"H",318.13,1,1,0,72,4,9.719870057,0.133514698585165,17221.7485595611,0,62.76,0,0.3,1,0.0001,0.776,0.72153504,0.723215432,0.723215432,0.72153504,0,0.00168039200000003,0.00168039200000003,0,0.97573831959538,0.97573831959538,"Z","Z",124,140,103,81
"Falco vespertinus","Aves",0,NA,"VU",NA,"L",146.54,1,1,0,18,4,6.494746729,0.0892135539697802,50133.6382516253,0,59.85,0,0,1,0.1,0.344,0.9018,0.90344,0.90344,0.9018,0,0.00163999999999986,0.00163999999999986,0,0.3271256699481,0.3271256699481,"Z","Z",125,163,154,153
"Chroicocephalus ridibundus","Aves",0,NA,"VU",NA,"L",290.7,1,1,0,19,4,1.820333,0.0250045741758242,49831.1459293654,0,67.75,0,0,1,0.1,0.352,0.9019,0.90352,0.90352,0.9019,0,0.00161999999999973,0.00161999999999973,0,0.325097882014604,0.325097882014604,"Z","Z",126,206,157,179
"Vanellus spinosus","Aves",0,NA,"VU",NA,"L",439.14,1,1,0,22,4,10.3855558,0.142658733516484,47787.9998143007,0,83.37,0,0,1,0.1,0.376,0.9022,0.90376,0.90376,0.9022,0,0.00155999999999989,0.00155999999999989,0,0.32644178581692,0.32644178581692,"Z","Z",127,141,155,137
"Lymnocryptes minimus","Aves",0,NA,"LC",NA,"H",182.07,0,0,0,0,1,21.1628693,0.290698754120879,60463.0024368257,0,71.71,0,0.3,1,0.0001,0.05,0.69993,0.70143035,0.70143035,0.69993,0,0.00150035000000004,0.00150035000000004,0,0.248143482713692,0.248143482713692,"Z","Z",130,101,164,107
"Hydrobates pelagicus","Aves",0,NA,"LC","Yes","H",300.8,0,0,0,0,1,12.9118464,0.177360527472527,60047.7415114376,0,38.51,0,0.3,1,0.0001,0.05,0.69993,0.70143035,0.70143035,0.69993,0,0.00150035000000004,0.00150035000000004,0,0.249859522146101,0.249859522146101,"Z","Z",130,132,162,140
"Calcarius lapponicus","Aves",0,NA,"LC",NA,"H",536.6,0,0,0,0,1,9.967025059,0.136909684876374,60107.8126580537,0,57.59,0,0.3,1,0.0001,0.05,0.69993,0.70143035,0.70143035,0.69993,0,0.00150035000000004,0.00150035000000004,0,0.249609815039412,0.249609815039412,"Z","Z",130,147,163,147
"Perisoreus infaustus","Aves",0,NA,"LC",NA,"H",131.09,0,0,0,0,1,7.444107359,0.102254221964286,60777.9568700679,0,67.81,0,0.3,1,0.0001,0.05,0.69993,0.70143035,0.70143035,0.69993,0,0.00150035000000004,0.00150035000000004,0,0.246857590689913,0.246857590689913,"Z","Z",130,158,165,157
"Cygnus olor","Aves",0,NA,"LC",NA,"H",342.38,1,1,0,76,4,5.612907025,0.0771003712225275,15310.9428116738,0,72.03,0,0.3,1,0.0001,0.808,0.72273532,0.724175656,0.724175656,0.72273532,0,0.00144033600000004,0.00144033600000004,0,0.940723257683296,0.940723257683296,"Z","Z",131,176,128,106
"Tetrax tetrax","Aves",0,NA,"EN",NA,"H",207.59,1,1,0,92,4,14.53498307,0.199656360851648,4974.3598416917,0,67.69,0,0.3,1,0.667,0.936,0.3036548,0.30488184,0.30488184,0.3036548,0,0.00122704000000001,0.00122704000000001,0,2.46672946680656,2.46672946680656,"Z","Z",132,136,58,56
"Aquila chrysaetos","Aves",0,NA,"LC",NA,"H",362.43,1,1,0,82,4,8.236421,0.113137651098901,11377.6570756694,0,62.76,0,0.3,1,0.0001,0.856,0.72453574,0.725615992,0.725615992,0.72453574,0,0.00108025199999995,0.00108025199999995,0,0.949450306698044,0.949450306698044,"Z","Z",133,172,125,88
"Tringa stagnatilis","Aves",0,NA,"VU",NA,"L",466.23,0,0,1,0,2,11.13041468,0.152890311538462,60726.1417752176,0,75.78,0,0,1,0.1,0.1,0.9,0.901,0.901,0.9,0,0.001,0.001,0,0.164673725477501,0.164673725477501,"Z","Z",134,159,172,158
"Lanius meridionalis","Aves",0,NA,"VU","Yes","L",263.08,0,0,1,0,2,4.286393,0.0588790247252747,60579.9408671242,0,78.89,0,0,1,0.1,0.1,0.9,0.901,0.901,0.9,0,0.001,0.001,0,0.165071141649576,0.165071141649576,"Z","Z",134,197,171,174
"Aythya marila","Aves",0,NA,"EN",NA,"L",408.56,1,1,0,93,4,1.840623,0.025283282967033,4361.2285851744,0,68.16,0,0,1,0.667,0.944,0.395031,0.3959648,0.3959648,0.395031,0,0.00093380000000004,0.00093380000000004,0,2.14113977692985,2.14113977692985,"Z","Z",135,212,68,128
"Haematopus ostralegus","Aves",0,NA,"VU",NA,"H",266.54,1,1,0,88,4,6.38296,0.087678021978022,7428.03216461775,0,55.5900000000001,0,0.3,1,0.1,0.904,0.66256,0.663448,0.663448,0.66256,0,0.000888,0.000888,0,1.19547139850827,1.19547139850827,"Z","Z",136,190,74,92
"Falco cherrug","Aves",0,NA,"EN",NA,"H",274.76,1,1,0,96,4,3.540804,0.0486374175824176,2491.1073019695,0,85.28,0,0.3,1,0.667,0.968,0.3067224,0.30733592,0.30733592,0.3067224,0,0.000613519999999979,0.000613519999999979,0,2.46284051881235,2.46284051881235,"Z","Z",137,209,59,85
"Oceanodroma leucorhoa","Aves",0,NA,"VU",NA,"L",384.68,0,0,0,0,1,20.874794,0.286741675824176,60277.5895875375,0,36.07,0,0,1,0.1,0.05,0.9,0.9005,0.9005,0.9,0,0.000499999999999945,0.000499999999999945,0,0.0829495677284549,0.0829495677284549,"Z","Z",138,165,177,160
"Clamator glandarius","Aves",0,NA,"VU",NA,"L",263.54,0,0,0,0,1,18.21738316,0.25023877967033,61102.467778539,0,66.1,0,0,1,0.1,0.05,0.9,0.9005,0.9005,0.9,0,0.000499999999999945,0.000499999999999945,0,0.0818297555202115,0.0818297555202115,"Z","Z",138,171,180,162
"Chersophilus duponti","Aves",0,NA,"VU",NA,"L",236.27,0,0,0,0,1,14.70385,0.201975961538462,60316.708560266,0,71.07,0,0,1,0.1,0.05,0.9,0.9005,0.9005,0.9,0,0.000499999999999945,0.000499999999999945,0,0.0828957700005074,0.0828957700005074,"Z","Z",138,180,179,166
"Limicola falcinellus","Aves",0,NA,"VU",NA,"L",335.65,0,0,0,0,1,14.18210823,0.194809178983516,60280.43966446,0,65.71,0,0,1,0.1,0.05,0.9,0.9005,0.9005,0.9,0,0.000499999999999945,0.000499999999999945,0,0.082945645848488,0.082945645848488,"Z","Z",138,182,178,169
"Saxicola rubetra","Aves",0,NA,"VU","Yes","L",255.4,0,0,0,0,1,7.587705991,0.104226730645604,59797.5998995976,0,62,0,0,1,0.1,0.05,0.9,0.9005,0.9005,0.9,0,0.000499999999999945,0.000499999999999945,0,0.083615396076007,0.083615396076007,"Z","Z",138,199,176,176
"Locustella fluviatilis","Aves",0,NA,"VU","Yes","L",327.18,0,0,0,0,1,7.323445,0.100596771978022,59779.3145427406,0,93.6600000000001,0,0,1,0.1,0.05,0.9,0.9005,0.9005,0.9,0,0.000499999999999945,0.000499999999999945,0,0.0836409724374572,0.0836409724374572,"Z","Z",138,200,175,177
"Capella media","Aves",0,NA,"VU",NA,"L",341.36,0,0,0,0,1,7.319355193,0.10054059331044,61206.8340462616,0,74.5,0,0,1,0.1,0.05,0.9,0.9005,0.9005,0.9,0,0.000499999999999945,0.000499999999999945,0,0.0816902242684261,0.0816902242684261,"Z","Z",138,201,181,178
"Locustella naevia","Aves",0,NA,"VU",NA,"L",228.45,0,0,0,0,1,5.538941,0.0760843543956044,59665.2120658926,0,68.04,0,0,1,0.1,0.05,0.9,0.9005,0.9005,0.9,0,0.000499999999999945,0.000499999999999945,0,0.0838009256462139,0.0838009256462139,"Z","Z",138,208,174,181
"Alectoris graeca","Aves",0,NA,"NT","Yes","L",564.91,1,1,0,23,4,4.776985,0.0656179258241758,47737.7722826495,0,49.53,0,0,1,0.01,0.384,0.99023,0.990384,0.990384,0.99023,0,0.000154000000000099,0.000154000000000099,0,0.0322595698618451,0.0322595698618451,"Z","Z",144,221,186,188
"Acrocephalus paludicola","Aves",0,NA,"NT","Yes","L",524.7,0,0,1,0,2,6.821142,0.0936970054945055,59583.6703265606,0,94.22,0,0,1,0.01,0.1,0.99,0.9901,0.9901,0.99,0,0.000099999999999989,0.000099999999999989,0,0.0167831218607243,0.0167831218607243,"Z","Z",147,222,190,190
"Sitta krueperi","Aves",0,NA,"NT","Yes","L",721.35,0,0,1,0,2,5.231083,0.0718555357142857,59623.4207488564,0,23.31,0,0,1,0.01,0.1,0.99,0.9901,0.9901,0.99,0,0.000099999999999989,0.000099999999999989,0,0.0167719326975897,0.0167719326975897,"Z","Z",147,224,191,191
"Emberiza cineracea","Aves",0,NA,"NT","Yes","L",502.06,0,0,1,0,2,4.482544493,0.0615734133653846,60025.9075329645,0,57.37,0,0,1,0.01,0.1,0.99,0.9901,0.9901,0.99,0,0.000099999999999989,0.000099999999999989,0,0.0166594732357977,0.0166594732357977,"Z","Z",147,226,192,194
"Sylvia undata","Aves",0,NA,"NT","Yes","L",261.03,0,0,1,0,2,3.984875,0.054737293956044,59541.1076622734,0,67.83,0,0,1,0.01,0.1,0.99,0.9901,0.9901,0.99,0,0.000099999999999989,0.000099999999999989,0,0.0167951191918036,0.0167951191918036,"Z","Z",147,227,189,196
"Aegypius monachus","Aves",0,NA,"LC",NA,"H",361.65,1,1,0,117,4,8.955760414,0.123018687005495,0,0,79.78,0,0.3,1,0.0001,1,0.729937,0.729937,0.729937,0.729937,0,0,0,0,0,0,"N","N",149,229,217,228
"Anas acuta","Aves",0,NA,"EN",NA,"H",202.63,1,1,0,301,4,2.166222,0.0297557967032967,0,0,76.0000000000001,0,0.3,1,0.667,1,0.30979,0.30979,0.30979,0.30979,0,0,0,0,0,0,"N","N",149,229,217,228
"Anas clypeata","Aves",0,NA,"NT",NA,"H",227.68,1,1,0,176,4,1.611244,0.0221324725274725,0,0,76.2700000000001,0,0.3,1,0.01,1,0.7237,0.7237,0.7237,0.7237,0,0,0,0,0,0,"N","N",149,229,217,228
"Anas crecca","Aves",0,NA,"LC",NA,"H",272.12,1,1,0,135,4,3.064888,0.0421001098901099,0,0,74.15,0,0.3,1,0.0001,1,0.729937,0.729937,0.729937,0.729937,0,0,0,0,0,0,"N","N",149,229,217,228
"Anas penelope","Aves",0,NA,"VU",NA,"H",228.13,1,1,0,185,4,2.577578,0.0354062912087912,0,0,72.5,0,0.3,1,0.1,1,0.667,0.667,0.667,0.667,0,0,0,0,0,0,"N","N",149,229,217,228
"Anas platyrhynchos","Aves",0,NA,"LC",NA,"H",302.37,1,1,0,1310,4,1.180631,0.0162174587912088,0,0,71.45,0,0.3,1,0.0001,1,0.729937,0.729937,0.729937,0.729937,0,0,0,0,0,0,"N","N",149,229,217,228
"Anas querquedula","Aves",0,NA,"VU",NA,"L",302.13,1,1,0,129,4,3.436590326,0.0472059110714286,0,0,74.6900000000001,0,0,1,0.1,1,0.91,0.91,0.91,0.91,0,0,0,0,0,0,"N","N",149,229,217,228
"Anser anser","Aves",0,NA,"LC",NA,"H",324.99,1,1,0,539,4,1.907897095,0.0262073776785714,0,0,71.95,0,0.3,1,0.0001,1,0.729937,0.729937,0.729937,0.729937,0,0,0,0,0,0,"N","N",149,229,217,228
"Anser erythropus","Aves",0,NA,"CR",NA,"H",609.64,1,1,0,147,4,2.0280595,0.0278579601648352,0,0,60.4,0,0.3,1,0.999,1,0.10063,0.10063,0.10063,0.10063,0,0,0,0,0,0,"N","N",149,229,217,228
"Aythya ferina","Aves",0,NA,"VU",NA,"H",277.49,1,1,0,287,4,1.860352,0.0255542857142857,0,0,69.51,0,0.3,1,0.1,1,0.667,0.667,0.667,0.667,0,0,0,0,0,0,"N","N",149,229,217,228
"Aythya fuligula","Aves",0,NA,"VU",NA,"H",276.8,1,1,0,339,4,2.15624,0.0296186813186813,0,0,72.41,0,0.3,1,0.1,1,0.667,0.667,0.667,0.667,0,0,0,0,0,0,"N","N",149,229,217,228
"Aythya nyroca","Aves",0,NA,"LC",NA,"H",566.01,1,1,0,472,4,2.157687,0.0296385576923077,0,0,83.91,0,0.3,1,0.0001,1,0.729937,0.729937,0.729937,0.729937,0,0,0,0,0,0,"N","N",149,229,217,228
"Branta leucopsis","Aves",0,NA,"LC","Yes","H",105.61,1,1,0,376,4,3.286736,0.0451474725274725,0,0,61.4399999999999,0,0.3,1,0.0001,1,0.729937,0.729937,0.729937,0.729937,0,0,0,0,0,0,"N","N",149,229,217,228
"Bubo scandiacus","Aves",0,NA,"CR",NA,"H",590.68,1,1,0,427,4,7.519913553,0.103295515837912,0,0,52.38,0,0.3,1,0.999,1,0.10063,0.10063,0.10063,0.10063,0,0,0,0,0,0,"N","N",149,229,217,228
"Bucephala clangula","Aves",0,NA,"LC",NA,"H",209.89,1,1,0,269,4,3.833801583,0.0526621096565934,0,0,71.81,0,0.3,1,0.0001,1,0.729937,0.729937,0.729937,0.729937,0,0,0,0,0,0,"N","N",149,229,217,228
"Buteo buteo","Aves",0,NA,"LC",NA,"H",262.8,1,1,0,124,4,1.868782,0.0256700824175824,0,0,69.66,0,0.3,1,0.0001,1,0.729937,0.729937,0.729937,0.729937,0,0,0,0,0,0,"N","N",149,229,217,228
"Ciconia ciconia","Aves",0,NA,"LC","Yes","H",420.98,1,1,0,1063,4,13.64665134,0.187454001923077,0,0,67.03,0,0.3,1,0.0001,1,0.729937,0.729937,0.729937,0.729937,0,0,0,0,0,0,"N","N",149,229,217,228
"Ciconia nigra","Aves",0,NA,"LC",NA,"H",310.75,1,1,0,144,4,19.29805481,0.265083170467033,0,0,75.55,0,0.3,1,0.0001,1,0.729937,0.729937,0.729937,0.729937,0,0,0,0,0,0,"N","N",149,229,217,228
"Corvus corax","Aves",0,NA,"LC",NA,"H",262.72,1,1,0,133,4,2.745269,0.037709739010989,0,0,64.67,0,0.3,1,0.0001,1,0.729937,0.729937,0.729937,0.729937,0,0,0,0,0,0,"N","N",149,229,217,228
"Falco peregrinus","Aves",0,NA,"LC",NA,"H",269.67,1,1,0,100,4,3.93233,0.054015521978022,0,0,62.32,0,0.3,1,0.0001,1,0.729937,0.729937,0.729937,0.729937,0,0,0,0,0,0,"N","N",149,229,217,228
"Grus grus","Aves",0,NA,"LC",NA,"H",235.79,1,1,0,104,4,5.925404,0.0813929120879121,0,0,78.59,0,0.3,1,0.0001,1,0.729937,0.729937,0.729937,0.729937,0,0,0,0,0,0,"N","N",149,229,217,228
"Gyps fulvus","Aves",0,NA,"LC",NA,"H",303.92,1,1,0,454,4,4.198776,0.0576754945054945,0,0,73.97,0,0.3,1,0.0001,1,0.729937,0.729937,0.729937,0.729937,0,0,0,0,0,0,"N","N",149,229,217,228
"Haliaeetus albicilla","Aves",0,NA,"LC",NA,"H",385.76,1,1,0,129,4,7.196711,0.0988559203296703,0,0,78.75,0,0.3,1,0.0001,1,0.729937,0.729937,0.729937,0.729937,0,0,0,0,0,0,"N","N",149,229,217,228
"Marmaronetta angustirostris","Aves",0,NA,"EN",NA,"H",256.51,1,1,0,264,4,5.559801191,0.0763708954807692,0,0,83.53,0,0.3,1,0.667,1,0.30979,0.30979,0.30979,0.30979,0,0,0,0,0,0,"N","N",149,229,217,228
"Mergellus albellus","Aves",0,NA,"LC",NA,"H",210.61,1,1,0,237,4,4.851799802,0.0666456016758242,0,0,72.35,0,0.3,1,0.0001,1,0.729937,0.729937,0.729937,0.729937,0,0,0,0,0,0,"N","N",149,229,217,228
"Merops apiaster","Aves",0,NA,"LC",NA,"H",229.66,1,1,0,142,4,5.844693086,0.0802842456868132,0,0,60.59,0,0.3,1,0.0001,1,0.729937,0.729937,0.729937,0.729937,0,0,0,0,0,0,"N","N",149,229,217,228
"Neophron percnopterus","Aves",0,NA,"VU",NA,"H",328.53,1,1,0,133,4,18.55565,0.254885302197802,NA,0,81.17,0,0.3,1,0.1,1,0.667,0.667,0.667,0.667,0,0,0,0,0,0,"N","N",149,229,217,228
"Oxyura leucocephala","Aves",0,NA,"VU",NA,"H",346.1,1,1,0,144,4,5.079804167,0.0697775297664835,0,0,80.22,0,0.3,1,0.1,1,0.667,0.667,0.667,0.667,0,0,0,0,0,0,"N","N",149,229,217,228
"Recurvirostra avosetta","Aves",0,NA,"LC",NA,"H",389.26,1,1,0,849,4,10.487141,0.144054134615385,0,0,68.9500000000001,0,0.3,1,0.0001,1,0.729937,0.729937,0.729937,0.729937,0,0,0,0,0,0,"N","N",149,229,217,228
"Somateria mollissima","Aves",0,NA,"VU",NA,"H",297.32,1,1,0,301,4,3.119958,0.0428565659340659,0,0,47.81,0,0.3,1,0.1,1,0.667,0.667,0.667,0.667,0,0,0,0,0,0,"N","N",149,229,217,228
"Streptopelia turtur","Aves",0,NA,"NT",NA,"H",257.51,1,1,0,151,4,4.619551,0.0634553708791209,0,0,59.82,0,0.3,1,0.01,1,0.7237,0.7237,0.7237,0.7237,0,0,0,0,0,0,"N","N",149,229,217,228
"Strix aluco","Aves",0,NA,"LC",NA,"H",282.46,1,1,0,194,4,8.773409536,0.120513867252747,0,0,70.48,0,0.3,1,0.0001,1,0.729937,0.729937,0.729937,0.729937,0,0,0,0,0,0,"N","N",149,229,217,228
"Strix nebulosa","Aves",0,NA,"LC",NA,"H",125.82,1,1,0,254,4,8.438987,0.115920151098901,0,0,69.56,0,0.3,1,0.0001,1,0.729937,0.729937,0.729937,0.729937,0,0,0,0,0,0,"N","N",149,229,217,228
"Strix uralensis","Aves",0,NA,"LC",NA,"H",134.1,1,1,0,171,4,5.934357,0.0815158928571429,0,0,72.15,0,0.3,1,0.0001,1,0.729937,0.729937,0.729937,0.729937,0,0,0,0,0,0,"N","N",149,229,217,228
"Tadorna ferruginea","Aves",0,NA,"NT",NA,"H",354.92,1,1,0,251,4,2.516869,0.0345723763736264,0,0,84.18,0,0.3,1,0.01,1,0.7237,0.7237,0.7237,0.7237,0,0,0,0,0,0,"N","N",149,229,217,228
"Tringa totanus","Aves",0,NA,"VU",NA,"H",327.72,1,1,0,187,4,11.08458031,0.152260718543956,0,0,62.44,0,0.3,1,0.1,1,0.667,0.667,0.667,0.667,0,0,0,0,0,0,"N","N",149,229,217,228
"Microtus bavaricus","Mammalia",0,NA,"CR","Yes",NA,0,0,0,1,0,2,4.802301418,0.0536569990837989,39676.9612836502,5529.60226,44.57,124.065565627103,0,0,0.999,0.1,1,0.01099,1,0.001,0.999,0.00999,0.999,80521.9397461693,2.51783394614865,250.998549304549,"W","W",1,1,1,1
"Nyctalus azoreum","Mammalia",0,NA,"EN","Yes",NA,15.14,0,0,1,0,2,5.751829798,0.064266254726257,42813.3426453504,333506.241493887,2.8,119109.371962103,0,0.1514,0.667,0.1,0.8990162,0.33967,0.900026038,0.333,0.5660162,0.00667000000000001,0.567026038,47.5207106440028,1.55792554093517,35.0183134821221,"B","W",5,4,37,39
"Crocidura canariensis","Mammalia",0,NA,"EN","Yes",NA,61.56,0,0,0,0,1,4.895310847,0.0546962105810056,27039.8016613171,166195.838116787,2.13,78026.2150783037,0,0.6156,0.667,0.05,0.5893948,0.336335,0.591447826,0.333,0.2563948,0.00333499999999998,0.258447826,32.8600842348553,1.23336703492578,24.5986127598705,"B","W",16,26,44,45
"Pipistrellus maderensis","Mammalia",0,NA,"EN","Yes",NA,75.44,0,0,1,0,2,8.096381507,0.0904623632067039,24969.7742163304,172350.983787281,5.21,33080.8030301883,0,0.7544,0.667,0.1,0.4968152,0.33967,0.501847048,0.333,0.1638152,0.00667000000000001,0.168847048,49.519716873411,2.67122960032125,29.0861962117915,"B","W",28,24,36,34
"Plecotus teneriffae","Mammalia",0,NA,"EN","Yes",NA,80.63,0,0,0,0,1,8.034884419,0.089775244905028,27002.9788814798,101565.832821473,6.71,15136.4877528276,0,0.8063,0.667,0.05,0.4621979,0.336335,0.4648869105,0.333,0.1291979,0.00333499999999998,0.1318869105,85.3552700664426,1.23504892354203,31.2977170889547,"B","W",34,31,29,29
"Plecotus sardus","Mammalia",0,NA,"VU","Yes",NA,36.84,0,0,0,0,1,7.820343823,0.087378143273743,27002.9788814798,473614.099806519,25.83,18335.8149363732,0,0.3684,0.1,0.05,0.96316,0.9005,0.9633442,0.9,0.06316,0.000499999999999945,0.0633442,34.4462464412792,0.185164756153209,13.9713024246924,"B","W",44,40,43,40
"Lynx pardinus","Mammalia",0,NA,"CR","Yes",NA,100.9,1,1,0,14,4,8.438658624,0.0942866885363128,277794.918934402,0,30.96,0,0,1,0.999,0.312,0.014986,0.0321688,0.0321688,0.014986,0,0.0171828,0.0171828,0,0.618542630869988,0.618542630869988,"Z","Z",54,57,132,117
"Mustela eversmanii","Mammalia",0,NA,"EN",NA,NA,178.69,1,1,0,5,4,7.452564178,0.0832688734972067,161875.454052064,0,34.99,0,0,1,0.667,0.24,0.336335,0.349008,0.349008,0.336335,0,0.012673,0.012673,0,0.782885834928625,0.782885834928625,"Z","Z",58,65,129,113
"Bison bonasus","Mammalia",0,NA,"VU",NA,NA,93.17,1,1,0,413,4,7.066460983,0.0789548713184357,0,37639.3931832015,40,940.984829580036,0,0.9317,0.1,1,0.916147,0.91,0.916147,0.91,0.00614700000000001,0,0.00614700000000001,65.3251764190868,0,65.3251764190868,"W","W",73,96,33,31
"Sicista subtilis","Mammalia",0,NA,"VU",NA,NA,264.91,0,0,1,0,2,12.84169103,0.143482581340782,31498.911540152,0,49.23,0,0,1,0.1,0.1,0.9,0.901,0.901,0.9,0,0.001,0.001,0,0.317471287452359,0.317471287452359,"Z","Z",134,164,161,139
"Myotis bechsteinii","Mammalia",0,NA,"VU",NA,NA,346.13,0,0,1,0,2,6.443838812,0.0719981990167598,29271.2766944046,0,46.17,0,0,1,0.1,0.1,0.9,0.901,0.901,0.9,0,0.001,0.001,0,0.341631836028238,0.341631836028238,"Z","Z",134,193,151,159
"Myotis capaccinii","Mammalia",0,NA,"VU",NA,NA,360,0,0,1,0,2,4.752073845,0.053095797150838,27814.8203404833,0,41.43,0,0,1,0.1,0.1,0.9,0.901,0.901,0.9,0,0.001,0.001,0,0.35952056772574,0.35952056772574,"Z","Z",134,198,150,164
"Microtus cabrerae","Mammalia",0,NA,"VU","Yes",NA,267.15,0,0,1,0,2,6.758530229,0.0755143042346369,52400.6694399108,0,30.76,0,0,1,0.1,0.1,0.9,0.901,0.901,0.9,0,0.001,0.001,0,0.190837256601603,0.190837256601603,"Z","Z",134,191,166,171
"Lepus castroviejoi","Mammalia",0,NA,"VU","Yes",NA,126.48,0,0,1,0,2,7.775920626,0.0868817947039106,203092.322881692,0,38.59,0,0,1,0.1,0.1,0.9,0.901,0.901,0.9,0,0.001,0.001,0,0.049238690355742,0.049238690355742,"Z","Z",134,186,183,185
"Lepus corsicanus","Mammalia",0,NA,"VU","Yes",NA,154.65,0,0,1,0,2,7.791171588,0.0870521965139665,207349.932706999,0,38.13,0,0,1,0.1,0.1,0.9,0.901,0.901,0.9,0,0.001,0.001,0,0.048227650086247,0.048227650086247,"Z","Z",134,185,184,186
"Barbastella barbastellus","Mammalia",0,NA,"VU",NA,NA,371.37,0,0,0,0,1,11.09934448,0.124015022122905,27999.2900967958,0,42.99,0,0,1,0.1,0.05,0.9,0.9005,0.9005,0.9,0,0.000499999999999945,0.000499999999999945,0,0.178575956130104,0.178575956130104,"Z","Z",138,195,169,161
"Plecotus macrobullaris","Mammalia",0,NA,"VU",NA,NA,342.07,0,0,0,0,1,7.820343823,0.087378143273743,27002.9788814798,0,42.83,0,0,1,0.1,0.05,0.9,0.9005,0.9005,0.9,0,0.000499999999999945,0.000499999999999945,0,0.185164756153209,0.185164756153209,"Z","Z",138,203,167,168
"Crocidura zimmermanni","Mammalia",0,NA,"VU","Yes",NA,126.5,0,0,0,0,1,5.08499668,0.0568156053631285,27354.9331243171,0,23.51,0,0,1,0.1,0.05,0.9,0.9005,0.9005,0.9,0,0.000499999999999945,0.000499999999999945,0,0.182782387998409,0.182782387998409,"Z","Z",138,210,168,173
"Rhinolophus euryale","Mammalia",0,NA,"VU",NA,NA,258.75,0,0,0,0,1,2.820879253,0.0315182039441341,29038.278174042,0,43.55,0,0,1,0.1,0.05,0.9,0.9005,0.9005,0.9,0,0.000499999999999945,0.000499999999999945,0,0.172186517741574,0.172186517741574,"Z","Z",138,216,170,183
"Rhinolophus mehelyi","Mammalia",0,NA,"VU",NA,NA,319.76,0,0,0,0,1,2.817135287,0.0314763719217877,33456.6366893166,0,37.95,0,0,1,0.1,0.05,0.9,0.9005,0.9005,0.9,0,0.000499999999999945,0.000499999999999945,0,0.149447179835505,0.149447179835505,"Z","Z",138,217,173,184
"Gulo gulo","Mammalia",0,NA,"VU",NA,NA,260.32,1,1,0,85,4,13.31488526,0.148769667709497,50925.893853853,0,23.05,0,0,1,0.1,0.88,0.9085,0.9088,0.9088,0.9085,0,0.000300000000000078,0.000300000000000078,0,0.0589091280088313,0.0589091280088313,"Z","Z",139,202,182,175
"Eliomys quercinus","Mammalia",0,NA,"NT","Yes",NA,302.43,1,1,0,49,4,20.25201037,0.22627944547486,34848.8541248984,0,39.07,0,0,1,0.01,0.592,0.99049,0.990592,0.990592,0.99049,0,0.000102000000000046,0.000102000000000046,0,0.029269255062011,0.029269255062011,"Z","Z",146,213,187,180
"Sorex alpinus","Mammalia",0,NA,"NT","Yes",NA,410.43,0,0,1,0,2,15.1228696,0.168970610055866,27686.6065286182,0,45.88,0,0,1,0.01,0.1,0.99,0.9901,0.9901,0.99,0,0.000099999999999989,0.000099999999999989,0,0.0361185470298154,0.0361185470298154,"Z","Z",147,215,185,182
"Arvicola sapidus","Mammalia",0,NA,"NT","Yes",NA,291.94,0,0,1,0,2,7.396006157,0.082636940301676,85290.3058236313,0,34.35,0,0,1,0.01,0.1,0.99,0.9901,0.9901,0.99,0,0.000099999999999989,0.000099999999999989,0,0.0117246619102029,0.0117246619102029,"Z","Z",147,223,195,195
"Galemys pyrenaicus","Mammalia",0,NA,"NT","Yes",NA,376.19,0,0,0,0,1,22.66510626,0.253241410726257,54887.3010663339,0,39.34,0,0,1,0.01,0.05,0.99,0.99005,0.99005,0.99,0,0.0000499999999999945,0.0000499999999999945,0,0.009109575262148,0.009109575262148,"Z","Z",148,220,197,187
"Mustela lutreola","Mammalia",0,NA,"CR",NA,NA,283.43,1,1,0,160,4,7.059374962,0.0788756978994413,0,0,52.35,0,0,1,0.999,1,0.1009,0.1009,0.1009,0.1009,0,0,0,0,0,0,"N","N",149,229,217,228
"Spermophilus citellus","Mammalia",0,NA,"VU","Yes",NA,204.61,1,1,0,717,4,3.740347807,0.0417915956089385,0,0,46.11,0,0,1,0.1,1,0.91,0.91,0.91,0.91,0,0,0,0,0,0,"N","N",149,229,217,228
"Vulpes lagopus","Mammalia",0,NA,"CR",NA,NA,590.81,1,1,0,112,4,3.798256039,0.0424386149608939,0,0,17.82,0,0,1,0.999,1,0.1009,0.1009,0.1009,0.1009,0,0,0,0,0,0,"N","N",149,229,217,228
"Gallotia auaritae","Reptilia",0,NA,"CR","Yes",NA,16.95,0,0,1,0,2,15.0762954,0.0620423679012346,6743000,79905.57927066,3.01,26546.7040766312,0,0.1695,0.999,0.1,0.8306695,0.01099,0.832362805,0.001,0.8296695,0.00999,0.831362805,312.532018138685,0.0148153640812695,1.22809228053535,"B","W",2,2,14,17
"Gallotia bravoana","Reptilia",0,NA,"CR","Yes",NA,55.42,0,0,1,0,2,13.57533144,0.0558655614814815,6743000,4938.600298164,4,1234.650074541,0,0.5542,0.999,0.1,0.4463542,0.01099,0.451890658,0.001,0.4453542,0.00999,0.450890658,3607.12892813429,0.0148153640812695,0.668557192023288,"B","W",7,9,2,2
"Gallotia simonyi","Reptilia",0,NA,"CR","Yes",NA,59.51,0,0,1,0,2,13.91050278,0.0572448674074074,6743000,6496.223042062,3.2,2030.06970064438,0,0.5951,0.999,0.1,0.4054951,0.01099,0.411440149,0.001,0.4044951,0.00999,0.410440149,1992.51828580864,0.0148153640812695,0.608507515546504,"B","W",8,12,4,4
"Gallotia intermedia","Reptilia",0,NA,"CR","Yes",NA,61.1,0,0,1,0,2,14.5666458,0.0599450444444444,6743000,11347.64483372,4.05,2801.8876132642,0,0.611,0.999,0.1,0.389611,0.01099,0.39571489,0.001,0.388611,0.00999,0.39471489,1386.96141187215,0.0148153640812695,0.585126715216439,"B","W",9,11,5,7
"Acanthodactylus schreiberi","Reptilia",0,NA,"EN",NA,NA,43.43,0,0,1,0,2,14.51638894,0.059738226090535,6743000,615564.920714366,14,43968.922908169,0,0.4343,0.667,0.1,0.7103219,0.33967,0.713218681,0.333,0.3773219,0.00667000000000001,0.380218681,85.815588611996,0.00989173958178854,0.560218685717923,"B","W",10,13,28,32
"Podarcis lilfordi","Reptilia",0,NA,"EN","Yes","H",46.31,0,0,1,0,2,13.4610243,0.0553951617283951,6743000,59192.371028336,4.83,12255.149281229,0.3,0.4631,0.667,0.1,0.595096068161,0.240769,0.59914510747939,0.2331,0.361996068161,0.00766900000000001,0.36604510747939,295.382830395598,0.0113732759899155,0.54186718249767,"B","W",11,17,15,20
"Macrovipera schweizeri","Reptilia",0,NA,"EN","Yes","L",52.63,1,1,0,6,4,8.364173192,0.0344204658106996,3393500,30331.719209922,11.46,2646.74687695654,0,0.5263,0.667,0.248,0.6510641526,0.3495416,0.65766374408,0.337002,0.3140621526,0.0125396,0.32066174408,1186.59685719979,0.0369518196552232,0.944192839649451,"B","W",12,34,7,10
"Iberolacerta martinezricai","Reptilia",0,NA,"CR","Yes","H",68.61,0,0,0,0,1,13.23849687,0.0544794109876543,6743000,34359.67028624,14,2454.26216330286,0.3,0.6861,0.999,0.05,0.249834843037,0.0056965,0.253585668821815,0.0007,0.249134843037,0.0049965,0.252885668821815,1015.1109639474,0.00740990656977606,0.374897907529082,"B","W",17,27,8,9
"Podarcis raffoneae","Reptilia",0,NA,"CR","Yes","H",71.54,0,0,1,0,2,12.96628214,0.0533591857613169,6743000,4391.99817186,6,731.99969531,0.3,0.7154,0.999,0.1,0.224081008852,0.010693,0.23184019876348,0.0007,0.223381008852,0.009993,0.23114019876348,3051.65439662374,0.0148198131395521,0.342748197546882,"B","W",19,30,3,3
"Teira dugesii","Reptilia",0,NA,"LC","Yes","H",27.39,1,1,0,1,4,22.90382569,0.0942544267078189,5068210.4,360875.068059011,1,360875.068059011,0.3,0.2739,0.0001,0.208,0.917887055775664,0.706171456,0.919514519535065,0.70023007,0.217656985775664,0.00594138600000005,0.219284449535065,6.0313666706416,0.0117228479701633,0.403906792083461,"B","W",20,16,53,55
"Iberolacerta galani","Reptilia",0,NA,"NT","Yes","H",31.09,0,0,0,0,1,13.23753089,0.0544754357613169,6743000,603388.368646577,15.65,38555.1673256599,0.3,0.3109,0.01,0.05,0.90391097643,0.694535,0.90439142154785,0.693,0.21091097643,0.00153499999999984,0.21139142154785,54.703685928405,0.00227643482129592,0.311715257536146,"B","W",22,32,35,41
"Podarcis pityusensis","Reptilia",0,NA,"NT","Yes","H",34.68,1,1,0,2,4,13.46933911,0.0554293790534979,5068210.4,101440.796938208,3.26,31116.8088767509,0.3,0.3468,0.01,0.216,0.89306710509856,0.6996312,0.895167190008448,0.693614,0.19945310509856,0.00601720000000006,0.201553190008448,64.0981875386273,0.0118724352880063,0.395254475252324,"B","W",23,33,34,36
"Podarcis filfolensis","Reptilia",0,NA,"LC","Yes","H",36.95,0,0,1,0,2,17.12723452,0.0704824465843621,6743000,46744.90129621,6.45,7247.27151879225,0.3,0.3695,0.0001,0.1,0.8891171459075,0.7029307,0.890225974448425,0.69993,0.1891871459075,0.00300069999999997,0.190295974448425,261.046030105172,0.00445009639626274,0.281909635001577,"B","W",26,28,16,19
"Algyroides moreoticus","Reptilia",0,NA,"NT","Yes","H",50.49,0,0,0,0,1,20.66207372,0.0850291099588477,6743000,918031.699697196,23.01,39897.0751715427,0.3,0.5049,0.01,0.05,0.84424577203,0.694535,0.84502454316985,0.693,0.15124577203,0.00153499999999984,0.15202454316985,37.9089874081494,0.00227643482129592,0.22412922013269,"B","W",30,29,41,37
"Iberolacerta aranica","Reptilia",0,NA,"EN","Yes","H",76.2,0,0,0,0,1,13.6948883,0.0563575650205761,6743000,34525.86846436,8.35,4134.83454662994,0.3,0.762,0.667,0.05,0.3793328644,0.2369345,0.382436200078,0.2331,0.1462328644,0.00383449999999999,0.149336200078,353.660739627867,0.00568663799495772,0.221332763817569,"B","W",31,38,12,16
"Hellenolacerta graeca","Reptilia",0,NA,"NT","Yes","H",55.57,1,1,0,1,4,27.07530266,0.111420998600823,5068210.4,799385.961045115,23.12,34575.517346242,0.3,0.5557,0.01,0.208,0.82883074806253,0.6993856,0.832223291794624,0.693307,0.13552374806253,0.00607860000000016,0.138916291794624,39.1964483728138,0.0119935825868637,0.272236174601009,"B","W",32,23,39,35
"Podarcis peloponnesiacus","Reptilia",0,NA,"LC","Yes","H",55.57,1,1,0,2,4,12.25216161,0.0504204181481481,5068210.4,799702.021630222,23.12,34589.1877867743,0.3,0.5557,0.0001,0.216,0.83357720668655,0.706411512,0.836845630282686,0.70053014,0.133047066686551,0.00588137200000005,0.136315490282687,38.4649294186153,0.0116044353644041,0.267138632308721,"B","W",33,39,40,44
"Podarcis carbonelli","Reptilia",0,NA,"EN","Yes","L",89.99,0,0,1,0,2,13.90615883,0.0572269910699588,6743000,108572.090154923,13.63,7965.67059097017,0,0.8999,0.667,0.1,0.3997667,0.33967,0.405769033,0.333,0.0667667000000001,0.00667000000000001,0.0727690330000001,83.8180530283117,0.00989173958178854,0.107790554049181,"B","W",40,46,30,33
"Podarcis gaigeae","Reptilia",0,NA,"VU","Yes","L",31.55,0,0,1,0,2,12.17793039,0.0501149398765432,6743000,34486.78723035,11.75,2935.04572173191,0,0.3155,0.1,0.1,0.96845,0.901,0.9687655,0.9,0.06845,0.001,0.0687655,233.21612843431,0.0014830194275545,0.101936202370657,"B","W",43,50,20,23
"Podarcis milensis","Reptilia",0,NA,"VU","Yes","L",63.55,0,0,1,0,2,12.30051187,0.0506193904115226,6743000,18230.7466341,11.11,1640.93129019802,0,0.6355,0.1,0.1,0.93645,0.901,0.9370855,0.9,0.03645,0.001,0.0370855,222.129958869889,0.0014830194275545,0.0549851361663308,"B","W",50,56,22,24
"Iberolacerta aurelioi","Reptilia",0,NA,"EN","Yes","H",98.39,0,0,0,0,1,14.08076454,0.0579455330864198,6743000,2113.023831464,3.75,563.473021723733,0.3,0.9839,0.667,0.05,0.242277347921,0.2369345,0.246065961181395,0.2331,0.00917734792100006,0.00383449999999999,0.0129659611813951,162.871114803783,0.00568663799495772,0.0192271656272928,"B","W",57,75,23,26
"Dolichophis cypriensis","Reptilia",0,NA,"EN","Yes",NA,115.92,0,0,1,0,2,9.086704185,0.037393844382716,6743000,0,12.02,0,0,1,0.667,0.1,0.333,0.33967,0.33967,0.333,0,0.00667000000000001,0.00667000000000001,0,0.00989173958178854,0.00989173958178854,"Z","Z",70,135,196,205
"Vipera ursinii","Reptilia",0,NA,"VU","Yes","H",142.33,1,1,0,13,4,6.446100574,0.0265271628559671,3393500,0,11.71,0,0.3,1,0.1,0.304,0.63481,0.641248,0.641248,0.63481,0,0.00643800000000005,0.00643800000000005,0,0.0189715632827466,0.0189715632827466,"Z","Z",72,156,188,199
"Archaeolacerta bedriagae","Reptilia",0,NA,"NT","Yes","L",43.99,0,0,0,0,1,25.69284981,0.105731892222222,6743000,700245.535180136,8.5,82381.8276682514,0,0.4399,0.01,0.05,0.995601,0.99005,0.995622995,0.99,0.00560099999999997,0.0000499999999999945,0.00562299499999985,0.67988294973923,0.0000741509713777169,0.00823835961411822,"B","W",81,84,130,108
"Anguis cephallonica","Reptilia",0,NA,"NT","Yes","L",51.05,0,0,1,0,2,9.279481882,0.0381871682386831,6743000,911701.996388845,23.05,39553.2319474553,0,0.5105,0.01,0.1,0.994895,0.9901,0.99494605,0.99,0.00489499999999998,0.000099999999999989,0.00494605000000004,1.23757269861102,0.000148301942755434,0.00729231283685759,"B","W",93,152,70,135
"Lacerta bilineata","Reptilia",0,NA,"LC","Yes","H",191.15,1,1,0,24,4,15.81942482,0.0651005136625514,3393500,0,9.37,0,0.3,1,0.0001,0.392,0.70713168,0.711692744,0.711692744,0.70713168,0,0.004561064,0.004561064,0,0.0134405893620156,0.0134405893620156,"Z","Z",101,121,194,197
"Anguis fragilis","Reptilia",0,NA,"LC",NA,"H",273.88,1,1,0,24,4,8.143935075,0.0335141361111111,3393500,0,5.95,0,0.3,1,0.0001,0.392,0.70713168,0.711692744,0.711692744,0.70713168,0,0.004561064,0.004561064,0,0.0134405893620156,0.0134405893620156,"Z","Z",101,160,194,200
"Vipera aspis","Reptilia",0,NA,"LC","Yes","H",291.25,1,1,0,24,4,7.85296128,0.0323167130864198,3393500,0,9.49,0,0.3,1,0.0001,0.392,0.70713168,0.711692744,0.711692744,0.70713168,0,0.004561064,0.004561064,0,0.0134405893620156,0.0134405893620156,"Z","Z",101,162,194,202
"Algyroides marchi","Reptilia",0,NA,"EN","Yes","H",125.64,0,0,0,0,1,18.62454889,0.0766442341152263,6743000,0,12.32,0,0.3,1,0.667,0.05,0.2331,0.2369345,0.2369345,0.2331,0,0.00383449999999999,0.00383449999999999,0,0.00568663799495772,0.00568663799495772,"Z","Z",106,122,200,201
"Iberolacerta cyreni","Reptilia",0,NA,"EN","Yes","H",139.46,0,0,0,0,1,13.22039709,0.0544049262962963,6743000,0,16.2,0,0.3,1,0.667,0.05,0.2331,0.2369345,0.2369345,0.2331,0,0.00383449999999999,0.00383449999999999,0,0.00568663799495772,0.00568663799495772,"Z","Z",106,145,200,207
"Chalcides bedriagai","Reptilia",0,NA,"NT","Yes","H",306.63,0,0,1,0,2,10.88842692,0.0448083412345679,6743000,0,14.81,0,0.3,1,0.01,0.1,0.693,0.69607,0.69607,0.693,0,0.00307000000000002,0.00307000000000002,0,0.00455286964259234,0.00455286964259234,"Z","Z",110,167,202,211
"Darevskia praticola","Reptilia",0,NA,"NT",NA,"H",361.18,0,0,1,0,2,9.647484038,0.0397015804032922,6743000,0,12.32,0,0.3,1,0.01,0.1,0.693,0.69607,0.69607,0.693,0,0.00307000000000002,0.00307000000000002,0,0.00455286964259234,0.00455286964259234,"Z","Z",110,173,202,213
"Acanthodactylus erythrurus","Reptilia",0,NA,"LC",NA,"H",296.99,0,0,1,0,2,15.02103935,0.0618149767489712,6743000,0,15.49,0,0.3,1,0.0001,0.1,0.69993,0.7029307,0.7029307,0.69993,0,0.00300069999999997,0.00300069999999997,0,0.00445009639626274,0.00445009639626274,"Z","Z",111,154,203,209
"Natrix tessellata","Reptilia",0,NA,"LC",NA,"H",346.68,1,1,0,53,4,11.9042302,0.0489886016460905,3393500,0,8.97,0,0.3,1,0.0001,0.624,0.71583371,0.718654368,0.718654368,0.71583371,0,0.00282065799999998,0.00282065799999998,0,0.00831194342124643,0.00831194342124643,"Z","Z",113,166,198,204
"Vipera ammodytes","Reptilia",0,NA,"LC",NA,"H",404.01,1,1,0,60,4,8.26847208,0.0340266340740741,3393500,0,13.93,0,0.3,1,0.0001,0.68,0.7179342,0.72033476,0.72033476,0.7179342,0,0.00240056,0.00240056,0,0.00707399440106084,0.00707399440106084,"Z","Z",114,188,199,210
"Vipera latastei","Reptilia",0,NA,"VU",NA,"L",324.48,1,0,0,0,3,7.290512281,0.0300021081522634,6743000,0,15.51,0,0,1,0.1,0.2,0.9,0.902,0.902,0.9,0,0.00200000000000011,0.00200000000000011,0,0.00296603885510917,0.00296603885510917,"Z","Z",116,196,206,218
"Eremias arguta","Reptilia",0,NA,"VU",NA,"L",216.53,1,1,0,1,4,18.34107466,0.0754776734979424,5068210.4,0,9.22,0,0,1,0.1,0.208,0.9001,0.90208,0.90208,0.9001,0,0.00198000000000009,0.00198000000000009,0,0.00390670442568859,0.00390670442568859,"Z","Z",118,161,204,208
"Iberolacerta horvathi","Reptilia",0,NA,"NT","Yes","H",245.81,0,0,0,0,1,18.65572485,0.0767725302469136,6743000,0,9.65,0,0.3,1,0.01,0.05,0.693,0.694535,0.694535,0.693,0,0.00153499999999984,0.00153499999999984,0,0.00227643482129592,0.00227643482129592,"Z","Z",129,174,208,214
"Iberolacerta bonnali","Reptilia",0,NA,"NT","Yes","H",114.21,0,0,0,0,1,13.70242888,0.0563885962139918,6743000,0,9.1,0,0.3,1,0.01,0.05,0.693,0.694535,0.694535,0.693,0,0.00153499999999984,0.00153499999999984,0,0.00227643482129592,0.00227643482129592,"Z","Z",129,187,208,217
"Algyroides nigropunctatus","Reptilia",0,NA,"LC","Yes","H",160.68,0,0,0,0,1,20.65560543,0.0850024914814815,6743000,0,17.66,0,0.3,1,0.0001,0.05,0.69993,0.70143035,0.70143035,0.69993,0,0.00150035000000004,0.00150035000000004,0,0.00222504819813145,0.00222504819813145,"Z","Z",130,169,209,212
"Psammodromus hispanicus","Reptilia",0,NA,"LC","Yes","H",297.18,0,0,0,0,1,18.57409695,0.076436612962963,6743000,0,14.62,0,0.3,1,0.0001,0.05,0.69993,0.70143035,0.70143035,0.69993,0,0.00150035000000004,0.00150035000000004,0,0.00222504819813145,0.00222504819813145,"Z","Z",130,175,209,215
"Anatololacerta anatolica","Reptilia",0,NA,"LC",NA,"H",399.28,0,0,0,0,1,15.71711607,0.06467949,6743000,0,24.3,0,0.3,1,0.0001,0.05,0.69993,0.70143035,0.70143035,0.69993,0,0.00150035000000004,0.00150035000000004,0,0.00222504819813145,0.00222504819813145,"Z","Z",130,183,209,216
"Macroprotodon cucullatus","Reptilia",0,NA,"LC",NA,"H",825,0,0,0,0,1,6.801908266,0.0279913920411523,6743000,0,7,0,0.3,1,0.0001,0.05,0.69993,0.70143035,0.70143035,0.69993,0,0.00150035000000004,0.00150035000000004,0,0.00222504819813145,0.00222504819813145,"Z","Z",130,204,209,221
"Iberolacerta monticola","Reptilia",0,NA,"VU","Yes","L",113.35,0,0,0,0,1,13.23112252,0.0544490638683128,6743000,0,7.92,0,0,1,0.1,0.05,0.9,0.9005,0.9005,0.9,0,0.000499999999999945,0.000499999999999945,0,0.000741509713777169,0.000741509713777169,"Z","Z",138,211,210,222
"Lacerta schreiberi","Reptilia",0,NA,"NT","Yes","L",316.56,1,1,0,3,4,17.78494531,0.0731890753497942,5068210.4,0,11.73,0,0,1,0.01,0.224,0.99003,0.990224,0.990224,0.99003,0,0.000194000000000139,0.000194000000000139,0,0.000382778110396006,0.000382778110396006,"Z","Z",141,218,214,224
"Elaphe quatuorlineata","Reptilia",0,NA,"NT","Yes","L",324.31,1,1,0,9,4,6.659937471,0.0274071500864198,3393500,0,15.09,0,0,1,0.01,0.272,0.99009,0.990272,0.990272,0.99009,0,0.000182000000000015,0.000182000000000015,0,0.000536319434212511,0.000536319434212511,"Z","Z",143,228,212,226
"Chalcides ocellatus","Reptilia",0,NA,"LC",NA,"H",216.55,1,1,0,245,4,12.45182816,0.0512420911934156,0,0,14.42,0,0.3,1,0.0001,1,0.729937,0.729937,0.729937,0.729937,0,0,0,0,0,0,"N","N",149,229,217,228
"Coronella austriaca","Reptilia",0,NA,"LC",NA,"H",315.6,1,1,0,181,4,7.757303046,0.0319230578024691,0,0,7.45,0,0.3,1,0.0001,1,0.729937,0.729937,0.729937,0.729937,0,0,0,0,0,0,"N","N",149,229,217,228
"Emys orbicularis","Reptilia",0,NA,"VU",NA,"L",368.41,1,1,0,1564,4,13.30941505,0.0547712553497942,0,0,10.52,0,0,1,0.1,1,0.91,0.91,0.91,0.91,0,0,0,0,0,0,"N","N",149,229,217,228
"Mauremys leprosa","Reptilia",0,NA,"VU",NA,"L",260.91,1,1,0,103,4,17.47067466,0.0718957804938272,0,0,13.1,0,0,1,0.1,1,0.91,0.91,0.91,0.91,0,0,0,0,0,0,"N","N",149,229,217,228
"Testudo graeca","Reptilia",0,NA,"VU",NA,"L",313.28,1,1,0,555,4,23.7582789,0.0977706950617284,0,0,15.2,0,0,1,0.1,1,0.91,0.91,0.91,0.91,0,0,0,0,0,0,"N","N",149,229,217,228
"Testudo hermanni","Reptilia",0,NA,"NT","Yes","H",334.96,1,1,0,1786,4,24.23418417,0.099729152962963,0,0,14.18,0,0.3,1,0.01,1,0.7237,0.7237,0.7237,0.7237,0,0,0,0,0,0,"N","N",149,229,217,228
"Testudo marginata","Reptilia",0,NA,"LC","Yes","H",253.82,1,1,0,227,4,22.00254487,0.0905454521399177,0,0,19.86,0,0.3,1,0.0001,1,0.729937,0.729937,0.729937,0.729937,0,0,0,0,0,0,"N","N",149,229,217,228
"Timon lepidus","Reptilia",0,NA,"NT","Yes","L",271.09,1,1,0,130,4,18.80267427,0.0773772603703704,0,0,14.71,0,0,1,0.01,1,0.991,0.991,0.991,0.991,0,0,0,0,0,0,"N","N",149,229,217,228
"Vipera berus","Reptilia",0,NA,"LC","Yes","H",260.77,1,1,0,109,4,6.59643871,0.0271458383127572,0,0,3.69,0,0.3,1,0.0001,1,0.729937,0.729937,0.729937,0.729937,0,0,0,0,0,0,"N","N",149,229,217,228
"Accipiter gentilis","Aves",1,"PA data only available for subspecies","LC",NA,"H",66.89,1,1,0,18,4,8.810981474,NA,51032.5165026865,NA,NA,NA,NA,NA,NA,NA,NA,NA,NA,NA,NA,NA,NA,NA,NA,NA,NA,NA,NA,NA,NA,NA
"Accipiter nisus","Aves",1,"PA data only available for subspecies","LC",NA,"H",63.62,1,1,0,6,4,6.716942,NA,57725.4280333497,NA,NA,NA,NA,NA,NA,NA,NA,NA,NA,NA,NA,NA,NA,NA,NA,NA,NA,NA,NA,NA,NA,NA
"Alectoris rufa","Aves",1,"no data on PAs","NT","Yes","L",NA,1,1,0,55,4,4.527649,NA,27856.1777589719,NA,62.6,NA,NA,NA,NA,NA,NA,NA,NA,NA,NA,NA,NA,NA,NA,NA,NA,NA,NA,NA,NA,NA
"Anser albifrons","Aves",1,"no data on PAs","LC",NA,"H",NA,1,1,0,78,4,2.298724151,NA,13833.6838238896,NA,NA,NA,NA,NA,NA,NA,NA,NA,NA,NA,NA,NA,NA,NA,NA,NA,NA,NA,NA,NA,NA,NA
"Apus affinis","Aves",1,"no data on PAs","VU",NA,"L",NA,0,0,1,0,2,5.065527,NA,59987.1472826415,NA,NA,NA,NA,NA,NA,NA,NA,NA,NA,NA,NA,NA,NA,NA,NA,NA,NA,NA,NA,NA,NA,NA
"Balaenoptera borealis","Mammalia",1,"no data on PAs","EN",NA,NA,NA,0,0,0,0,1,18.74401536,NA,4281715.54271392,NA,NA,NA,NA,NA,NA,NA,NA,NA,NA,NA,NA,NA,NA,NA,NA,NA,NA,NA,NA,NA,NA,NA
"Balaenoptera musculus","Mammalia",1,"no data on PAs","EN",NA,NA,NA,0,0,0,0,1,21.21643663,NA,8289865.28971641,NA,NA,NA,NA,NA,NA,NA,NA,NA,NA,NA,NA,NA,NA,NA,NA,NA,NA,NA,NA,NA,NA,NA
"Branta bernicla","Aves",1,"no data on PAs","LC",NA,"H",NA,1,1,0,38,4,5.003074322,NA,38720.7638317373,NA,69.31,NA,NA,NA,NA,NA,NA,NA,NA,NA,NA,NA,NA,NA,NA,NA,NA,NA,NA,NA,NA,NA
"Branta ruficollis","Aves",1,"no data on PAs","VU","Yes","H",NA,1,1,0,382,4,4.979970379,NA,0,NA,NA,NA,NA,NA,NA,NA,NA,NA,NA,NA,NA,NA,NA,NA,NA,NA,NA,NA,NA,NA,NA,NA
"Calidris alpina","Aves",1,"PA data only available for subspecies","LC",NA,"H",156.31,1,1,0,1,4,11.21800889,NA,59882.0488537285,NA,NA,NA,NA,NA,NA,NA,NA,NA,NA,NA,NA,NA,NA,NA,NA,NA,NA,NA,NA,NA,NA,NA
"Calidris ferruginea","Aves",1,"no data on PAs","VU",NA,"L",NA,1,0,0,0,3,13.67052078,NA,60551.4341061166,NA,NA,NA,NA,NA,NA,NA,NA,NA,NA,NA,NA,NA,NA,NA,NA,NA,NA,NA,NA,NA,NA,NA
"Chalcides simonyi","Reptilia",1,"no data on PAs","EN","Yes",NA,NA,0,0,1,0,2,10.78217,NA,6743000,NA,NA,NA,NA,NA,NA,NA,NA,NA,NA,NA,NA,NA,NA,NA,NA,NA,NA,NA,NA,NA,NA,NA
"Charadrius leschenaultii","Aves",1,"no data on PAs","CR",NA,"L",NA,0,0,1,0,2,8.150293,NA,60704.6120715913,NA,NA,NA,NA,NA,NA,NA,NA,NA,NA,NA,NA,NA,NA,NA,NA,NA,NA,NA,NA,NA,NA,NA
"Chlamydotis undulata","Aves",1,"no data on PAs","VU",NA,"H",NA,1,0,0,0,3,17.0438775,NA,62574.8728895026,NA,NA,NA,NA,NA,NA,NA,NA,NA,NA,NA,NA,NA,NA,NA,NA,NA,NA,NA,NA,NA,NA,NA
"Columba palumbus","Aves",1,"PA data only available for subspecies","LC","Yes","H",23.4,1,1,0,52,4,5.421109,NA,29691.0714659507,NA,NA,NA,NA,NA,NA,NA,NA,NA,NA,NA,NA,NA,NA,NA,NA,NA,NA,NA,NA,NA,NA,NA
"Cursorius cursor","Aves",1,"no data on PAs","NT",NA,"H",NA,1,0,0,0,3,7.868104,NA,61077.5296229633,NA,NA,NA,NA,NA,NA,NA,NA,NA,NA,NA,NA,NA,NA,NA,NA,NA,NA,NA,NA,NA,NA,NA
"Cyanopica cooki","Aves",1,"no data on PAs","LC","Yes","H",NA,1,1,0,22,4,11.49363,NA,NA,NA,NA,NA,NA,NA,NA,NA,NA,NA,NA,NA,NA,NA,NA,NA,NA,NA,NA,NA,NA,NA,NA,NA
"Eubalaena glacialis","Mammalia",1,"no data on PAs","CR",NA,NA,NA,0,0,0,0,1,14.10040054,NA,4339804.20033418,NA,NA,NA,NA,NA,NA,NA,NA,NA,NA,NA,NA,NA,NA,NA,NA,NA,NA,NA,NA,NA,NA,NA
"Fringilla polatzeki","Aves",1,"no data on PAs","EN","Yes","H",NA,0,0,1,0,2,8.113669,NA,NA,NA,NA,NA,NA,NA,NA,NA,NA,NA,NA,NA,NA,NA,NA,NA,NA,NA,NA,NA,NA,NA,NA,NA
"Larus armenicus","Aves",1,"no data on PAs","VU","Yes","H",NA,0,0,1,0,2,1.159266,NA,62210.3812850239,NA,NA,NA,NA,NA,NA,NA,NA,NA,NA,NA,NA,NA,NA,NA,NA,NA,NA,NA,NA,NA,NA,NA
"Larus glaucoides","Aves",1,"no data on PAs","LC",NA,"H",NA,0,0,1,0,2,1.054547,NA,62086.2251708332,NA,NA,NA,NA,NA,NA,NA,NA,NA,NA,NA,NA,NA,NA,NA,NA,NA,NA,NA,NA,NA,NA,NA
"Larus hyperboreus","Aves",1,"no data on PAs","LC",NA,"H",NA,0,0,1,0,2,1.204762,NA,62570.5321022206,NA,NA,NA,NA,NA,NA,NA,NA,NA,NA,NA,NA,NA,NA,NA,NA,NA,NA,NA,NA,NA,NA,NA
"Lyrurus tetrix","Aves",1,"PA data only available for subspecies","VU",NA,"H",172.42,1,1,0,11,4,4.160267,NA,55490.2853161238,NA,NA,NA,NA,NA,NA,NA,NA,NA,NA,NA,NA,NA,NA,NA,NA,NA,NA,NA,NA,NA,NA,NA
"Monachus monachus","Mammalia",1,"no data on PAs","CR",NA,NA,NA,0,0,1,0,2,16.80653843,NA,986649.116195186,NA,NA,NA,NA,NA,NA,NA,NA,NA,NA,NA,NA,NA,NA,NA,NA,NA,NA,NA,NA,NA,NA,NA
"Natrix natrix","Reptilia",1,"PA data only available for subspecies","LC",NA,"H",61.53,1,1,0,79,4,11.90713582,NA,3393500,NA,NA,NA,NA,NA,NA,NA,NA,NA,NA,NA,NA,NA,NA,NA,NA,NA,NA,NA,NA,NA,NA,NA
"Oceanodroma monteiroi","Aves",1,"no data on PAs","VU","Yes","L",NA,0,0,0,0,1,16.858019,NA,62704.3327846878,NA,NA,NA,NA,NA,NA,NA,NA,NA,NA,NA,NA,NA,NA,NA,NA,NA,NA,NA,NA,NA,NA,NA
"Onychoprion fuscatus","Aves",1,"no data on PAs","VU",NA,"L",NA,0,0,1,0,2,4.471718,NA,NA,NA,NA,NA,NA,NA,NA,NA,NA,NA,NA,NA,NA,NA,NA,NA,NA,NA,NA,NA,NA,NA,NA,NA
"Pelobates fuscus","Amphibia",1,"PA data only available for subspecies","LC",NA,"H",65.56,1,1,0,38,4,44.63869704,NA,3393500,850161.538945522,7.24,117425.626926177,NA,NA,NA,NA,NA,NA,NA,NA,NA,NA,NA,NA,NA,NA,NA,NA,NA,NA,NA,NA
"Perdix perdix","Aves",1,"PA data only available for subspecies","VU",NA,"L",246.86,1,1,0,110,4,5.802313456,NA,0,NA,NA,NA,NA,NA,NA,NA,NA,NA,NA,NA,NA,NA,NA,NA,NA,NA,NA,NA,NA,NA,NA,NA
"Phalacrocorax aristotelis","Aves",1,"PA data only available for subspecies","LC","Yes","H",288.77,0,0,1,0,2,8.362546121,NA,62657.0234246938,NA,NA,NA,NA,NA,NA,NA,NA,NA,NA,NA,NA,NA,NA,NA,NA,NA,NA,NA,NA,NA,NA,NA
"Phocoena phocoena","Mammalia",1,"no data on PAs","VU",NA,NA,NA,1,1,0,3,4,8.47088596,NA,533036.13707625,NA,NA,NA,NA,NA,NA,NA,NA,NA,NA,NA,NA,NA,NA,NA,NA,NA,NA,NA,NA,NA,NA,NA
"Physeter macrocephalus","Mammalia",1,"no data on PAs","VU",NA,NA,NA,0,0,0,0,1,42.23963141,NA,1000566.44053188,NA,NA,NA,NA,NA,NA,NA,NA,NA,NA,NA,NA,NA,NA,NA,NA,NA,NA,NA,NA,NA,NA,NA
"Podarcis cretensis","Reptilia",1,"no data on PAs","EN","Yes","H",NA,0,0,1,0,2,12.14280484,NA,6743000,NA,NA,NA,NA,NA,NA,NA,NA,NA,NA,NA,NA,NA,NA,NA,NA,NA,NA,NA,NA,NA,NA,NA
"Podarcis levendis","Reptilia",1,"no data on PAs","VU","Yes","L",NA,0,0,1,0,2,13.20225328,NA,6743000,NA,NA,NA,NA,NA,NA,NA,NA,NA,NA,NA,NA,NA,NA,NA,NA,NA,NA,NA,NA,NA,NA,NA
"Polysticta stelleri","Aves",1,"no data on PAs","EN",NA,"H",NA,1,0,0,0,3,5.076587934,NA,62166.1679598642,NA,NA,NA,NA,NA,NA,NA,NA,NA,NA,NA,NA,NA,NA,NA,NA,NA,NA,NA,NA,NA,NA,NA
"Pterodroma deserta","Aves",1,"no data on PAs","VU","Yes","H",NA,0,0,0,0,1,7.098134757,NA,61626.2029612934,NA,1,NA,NA,NA,NA,NA,NA,NA,NA,NA,NA,NA,NA,NA,NA,NA,NA,NA,NA,NA,NA,NA
"Salamandra atra","Amphibia",1,"no data on PAs","LC","Yes","H",NA,1,1,0,2,4,14.95559289,NA,3393500,NA,7.89,NA,NA,NA,NA,NA,NA,NA,NA,NA,NA,NA,NA,NA,NA,NA,NA,NA,NA,NA,NA,NA
"Turdoides altirostris","Aves",1,"no data on PAs","NT",NA,"H",NA,0,0,1,0,2,2.734041,NA,60209.8869183557,NA,NA,NA,NA,NA,NA,NA,NA,NA,NA,NA,NA,NA,NA,NA,NA,NA,NA,NA,NA,NA,NA,NA
NA,"Amphibia",1,"no data on PAs","NT","Yes",NA,NA,0,0,1,0,2,NA,NA,6743000,NA,NA,NA,NA,NA,NA,NA,NA,NA,NA,NA,NA,NA,NA,NA,NA,NA,NA,NA,NA,NA,NA,NA
